CREATE TABLE author (
    id integer NOT NULL,
    author_fio character varying(128)
);
CREATE TABLE book (
    id_book bigint NOT NULL,
    barcode_book bigint NOT NULL,
    title character varying(256),
    author bigint,
    dopauthor bigint,
    dopauthor2 bigint,
    publish character varying(128),
    text text,
    totalpages character varying(8),
    location character varying(32),
    bbk character varying(32),
    isbn character varying(32),
    book_leng integer,
    status integer,
    year character varying(16),
    inventar character varying(128),
    category bigint,
    dateinventar date,
    datereg date,
    price real,
    doc_id bigint,
    place_publish character varying(128));


CREATE TABLE category (
    id bigint NOT NULL,
    parent_id bigint,
    type smallint,
    category_name character varying(127)
);

CREATE TABLE department (
    id integer NOT NULL,
    departmentName character varying(512) NOT NULL
);

CREATE TABLE event (
    id integer NOT NULL,
    barcode_book bigint,
    barcode_reader bigint,
    date_start date,
    date_finish date,
    status integer
);
CREATE TABLE language (
    id integer NOT NULL,
    language_name character varying(63)
);

CREATE TABLE organization (
    id integer NOT NULL,
    organizationName character varying(256)
);

CREATE TABLE reader (
    id integer NOT NULL,
    barcode bigint NOT NULL,
    surname character varying(20),
    name character varying(20),
    patronymic character varying(20),
    datebirth date,
    organization integer,
    department integer,
    position character varying(40),
    address character varying(128),
    telephone character varying(32),
    login character varying(12),
    password character varying(64),
    url_pic character varying(8)
);

INSERT INTO author (id, author_fio) VALUES (1, 'Пушкин А.С.');
INSERT INTO author (id, author_fio) VALUES (2, 'Есенин С.А.');
INSERT INTO author (id, author_fio) VALUES (3, 'Гоголь Н.В.');
INSERT INTO author (id, author_fio) VALUES (4, 'Толстой Л.Н.');
INSERT INTO author (id, author_fio) VALUES (5, 'Грибоедов А.С.');
INSERT INTO author (id, author_fio) VALUES (27, 'Барышников М.Н.');
INSERT INTO author (id, author_fio) VALUES (28, 'Трифонов Н.А.');
INSERT INTO author (id, author_fio) VALUES (29, 'Тарле Е.В.');
INSERT INTO author (id, author_fio) VALUES (30, 'Ожегов С.И.');
INSERT INTO author (id, author_fio) VALUES (31, 'Архангельский И.');
INSERT INTO author (id, author_fio) VALUES (32, 'Бескин О.М.');
INSERT INTO author (id, author_fio) VALUES (33, 'Коршунова М.Ф.');
INSERT INTO author (id, author_fio) VALUES (34, 'Красельников И.М.');
INSERT INTO author (id, author_fio) VALUES (35, 'Кавторин В.');
INSERT INTO author (id, author_fio) VALUES (36, 'Вилинбахова Т.Б.');
INSERT INTO author (id, author_fio) VALUES (0, '');
INSERT INTO author (id, author_fio) VALUES (37, 'Бочаров Г.');
INSERT INTO author (id, author_fio) VALUES (38, 'Казанцев А.');
INSERT INTO author (id, author_fio) VALUES (39, 'Аграшенков А.В.');
INSERT INTO author (id, author_fio) VALUES (40, 'Ионина Н.А.');
INSERT INTO author (id, author_fio) VALUES (41, 'Алпатов М.');
INSERT INTO author (id, author_fio) VALUES (42, 'Александрова Л.Б.');
INSERT INTO author (id, author_fio) VALUES (43, 'Кривдина О.А.');
INSERT INTO author (id, author_fio) VALUES (44, 'Каганович А.');
INSERT INTO author (id, author_fio) VALUES (45, 'Столпянский П.Н.');
INSERT INTO author (id, author_fio) VALUES (46, 'Егорова К.С.');
INSERT INTO author (id, author_fio) VALUES (47, 'Боголюбов А.П.');
INSERT INTO author (id, author_fio) VALUES (48, 'Самин Д.К.');
INSERT INTO author (id, author_fio) VALUES (49, 'Горяинов В.В.');
INSERT INTO author (id, author_fio) VALUES (50, 'Скринций Н.В.');
INSERT INTO author (id, author_fio) VALUES (52, 'Сахарова И.М.-');
INSERT INTO author (id, author_fio) VALUES (53, 'Сахарова И.М.');
INSERT INTO author (id, author_fio) VALUES (54, 'Некрасова Е.А');
INSERT INTO author (id, author_fio) VALUES (55, 'Загянская Г.А');
INSERT INTO author (id, author_fio) VALUES (56, 'Кузнецова Э.В.');
INSERT INTO author (id, author_fio) VALUES (57, 'Машковцев Н.Г');
INSERT INTO author (id, author_fio) VALUES (58, 'Немировская М.А');
INSERT INTO author (id, author_fio) VALUES (59, 'Алленов М.М');
INSERT INTO author (id, author_fio) VALUES (60, 'Семенова Л.Н.');
INSERT INTO author (id, author_fio) VALUES (62, 'Лапина И');
INSERT INTO author (id, author_fio) VALUES (63, 'Воронихина А.Н.');
INSERT INTO author (id, author_fio) VALUES (64, 'Гинцбург И');
INSERT INTO author (id, author_fio) VALUES (65, 'Пилявский В.И.');
INSERT INTO author (id, author_fio) VALUES (66, 'Фомичев С.А');
INSERT INTO author (id, author_fio) VALUES (67, 'Вернова Н.В.');
INSERT INTO author (id, author_fio) VALUES (68, 'Альтшуллер А.Я');
INSERT INTO author (id, author_fio) VALUES (69, 'Коваленская Н');
INSERT INTO author (id, author_fio) VALUES (70, 'Воинова Н.С.');
INSERT INTO author (id, author_fio) VALUES (71, 'Канаева Л.М.');
INSERT INTO author (id, author_fio) VALUES (72, 'Ягья В.С.');
INSERT INTO author (id, author_fio) VALUES (73, 'Беньяш Р.М');
INSERT INTO author (id, author_fio) VALUES (74, 'Юрьев Ю.М');
INSERT INTO author (id, author_fio) VALUES (75, 'Черкасова Н');
INSERT INTO author (id, author_fio) VALUES (78, 'Ганичева Н.А');
INSERT INTO author (id, author_fio) VALUES (79, 'Стахорский С.В');
INSERT INTO author (id, author_fio) VALUES (80, 'Бердников В');
INSERT INTO author (id, author_fio) VALUES (81, 'Серебряный Ю');
INSERT INTO author (id, author_fio) VALUES (82, 'Дубровская О.Н');
INSERT INTO author (id, author_fio) VALUES (83, 'Товстоногов Г.А.');
INSERT INTO author (id, author_fio) VALUES (84, 'Сотудник ГМГС');
INSERT INTO author (id, author_fio) VALUES (85, 'Кобак А.');
INSERT INTO author (id, author_fio) VALUES (86, 'Безотосный В.М.');
INSERT INTO author (id, author_fio) VALUES (87, 'Нестеров В.');
INSERT INTO author (id, author_fio) VALUES (88, 'Алексеев Ю.А.');
INSERT INTO author (id, author_fio) VALUES (89, 'Крестовский И.В.');
INSERT INTO author (id, author_fio) VALUES (90, 'Витязева В.');
INSERT INTO author (id, author_fio) VALUES (91, 'Богданов И.');
INSERT INTO author (id, author_fio) VALUES (92, 'Зуев Г.');
INSERT INTO author (id, author_fio) VALUES (93, 'Шерих Д.');
INSERT INTO author (id, author_fio) VALUES (94, 'Агеевец А.У.');
INSERT INTO author (id, author_fio) VALUES (95, 'Бузинов В.М.');
INSERT INTO author (id, author_fio) VALUES (96, 'Жерихина Е.И.');
INSERT INTO author (id, author_fio) VALUES (97, 'Дубин А.С.');
INSERT INTO author (id, author_fio) VALUES (98, 'Локотникова И.Г');
INSERT INTO author (id, author_fio) VALUES (99, 'Лазарева О.П.');
INSERT INTO author (id, author_fio) VALUES (100, 'Кючарианц Д.А.');
INSERT INTO author (id, author_fio) VALUES (101, 'Аркин Д');
INSERT INTO author (id, author_fio) VALUES (102, 'Векслер А.Ф.');
INSERT INTO author (id, author_fio) VALUES (103, 'Максимов Ю.В.');
INSERT INTO author (id, author_fio) VALUES (104, 'Грибанов В.И.');
INSERT INTO author (id, author_fio) VALUES (105, 'Чеснокова А.Н.');
INSERT INTO author (id, author_fio) VALUES (106, 'Кукушкина В.В.');
INSERT INTO author (id, author_fio) VALUES (107, 'Тыжненко Т.Е.');
INSERT INTO author (id, author_fio) VALUES (108, 'Журавина Т.Г.');
INSERT INTO author (id, author_fio) VALUES (109, 'Курляндский В.В.');
INSERT INTO author (id, author_fio) VALUES (110, 'Бунин М.С.');
INSERT INTO author (id, author_fio) VALUES (111, 'Якирина Т.В.');
INSERT INTO author (id, author_fio) VALUES (112, 'Одноралов Н.В.');
INSERT INTO author (id, author_fio) VALUES (113, 'Петрова Е.Н.');
INSERT INTO author (id, author_fio) VALUES (114, 'Ощепков Г.Д');
INSERT INTO author (id, author_fio) VALUES (115, 'Марков П.А.');
INSERT INTO author (id, author_fio) VALUES (116, 'Смирнов Н.И.');
INSERT INTO author (id, author_fio) VALUES (117, 'Лелина В.');
INSERT INTO author (id, author_fio) VALUES (118, 'Засосов Д.А.');
INSERT INTO author (id, author_fio) VALUES (119, 'Пызин В.И.');
INSERT INTO author (id, author_fio) VALUES (120, 'Шепелёв Л.Е.');
INSERT INTO author (id, author_fio) VALUES (121, 'Пирютко Ю.М.');
INSERT INTO author (id, author_fio) VALUES (122, 'Синдаловский Н.А.');
INSERT INTO author (id, author_fio) VALUES (123, 'Иванов А.');
INSERT INTO author (id, author_fio) VALUES (125, 'Агеева О.Г.');
INSERT INTO author (id, author_fio) VALUES (126, 'Перевезенцева Н.');
INSERT INTO author (id, author_fio) VALUES (127, 'Конечный А.М.');
INSERT INTO author (id, author_fio) VALUES (128, 'Виноградов А.В.');
INSERT INTO author (id, author_fio) VALUES (129, 'Плейджер А.');
INSERT INTO author (id, author_fio) VALUES (130, 'Кириков Б.');
INSERT INTO author (id, author_fio) VALUES (131, 'Бастарева Л.И.');
INSERT INTO author (id, author_fio) VALUES (132, 'Барабанова А.И.');
INSERT INTO author (id, author_fio) VALUES (133, 'Смирнов Н.Н.');
INSERT INTO author (id, author_fio) VALUES (134, 'Сукновалов Л.Е.');
INSERT INTO author (id, author_fio) VALUES (135, 'Третьяков Н.С.');
INSERT INTO author (id, author_fio) VALUES (136, 'Рубашкин А.');
INSERT INTO author (id, author_fio) VALUES (137, 'Первушина Е.В.');
INSERT INTO author (id, author_fio) VALUES (138, 'Бройтман Л.');
INSERT INTO author (id, author_fio) VALUES (139, 'Соловьева Т.А.');
INSERT INTO author (id, author_fio) VALUES (140, 'Сидорова В.И.');
INSERT INTO author (id, author_fio) VALUES (141, 'Кириков Б.М.');
INSERT INTO author (id, author_fio) VALUES (142, 'Хмельницкая И.И.');
INSERT INTO author (id, author_fio) VALUES (143, 'Каганов Г.З');
INSERT INTO author (id, author_fio) VALUES (144, 'Сауло Кепсу');
INSERT INTO author (id, author_fio) VALUES (145, 'Солкин В.В.');
INSERT INTO author (id, author_fio) VALUES (146, 'Даринский А.В.');
INSERT INTO author (id, author_fio) VALUES (147, 'Калюжная А.Д.');
INSERT INTO author (id, author_fio) VALUES (148, 'Гиппинг А.И.');
INSERT INTO author (id, author_fio) VALUES (149, 'Куник А.И.');
INSERT INTO author (id, author_fio) VALUES (150, 'Богословский В.А.');
INSERT INTO author (id, author_fio) VALUES (151, 'Анисимов Е.В.');
INSERT INTO author (id, author_fio) VALUES (152, 'Гримм Г.Г.');
INSERT INTO author (id, author_fio) VALUES (153, 'Цылов Н.');
INSERT INTO author (id, author_fio) VALUES (154, 'Померанец К.');
INSERT INTO author (id, author_fio) VALUES (155, 'Плюхин Е.В.');
INSERT INTO author (id, author_fio) VALUES (156, 'Андреев В. ');
INSERT INTO author (id, author_fio) VALUES (157, 'Свешникова Г.И.');
INSERT INTO author (id, author_fio) VALUES (51, 'Конихин Г.П.');
INSERT INTO author (id, author_fio) VALUES (61, 'Круглова О.');
INSERT INTO author (id, author_fio) VALUES (77, 'Лопатин А.А.');
INSERT INTO author (id, author_fio) VALUES (124, 'Масик С.Н.');
INSERT INTO author (id, author_fio) VALUES (159, 'Келлер А.Э.');
INSERT INTO author (id, author_fio) VALUES (160, 'Доливо-Добровольский А.В.');
INSERT INTO author (id, author_fio) VALUES (161, 'Харламова Г.О.');
INSERT INTO author (id, author_fio) VALUES (162, 'Альтхаус Фрэнк');
INSERT INTO author (id, author_fio) VALUES (163, 'Молодковец Ю.');
INSERT INTO author (id, author_fio) VALUES (164, 'Гусева Н.Ю');
INSERT INTO author (id, author_fio) VALUES (165, 'Тарасова Л.А.');
INSERT INTO author (id, author_fio) VALUES (166, 'Комелова Г.Н.');
INSERT INTO author (id, author_fio) VALUES (167, 'Калязина Н.В.');
INSERT INTO author (id, author_fio) VALUES (168, 'Дорофеева Л.П.');
INSERT INTO author (id, author_fio) VALUES (169, '-*');
INSERT INTO author (id, author_fio) VALUES (170, 'Бунатян Г.Г.');
INSERT INTO author (id, author_fio) VALUES (171, 'Чарная М.Г.');
INSERT INTO author (id, author_fio) VALUES (172, 'Гречук Н.');
INSERT INTO author (id, author_fio) VALUES (173, 'Глезеров С.Е.');
INSERT INTO author (id, author_fio) VALUES (174, 'Пожидаева Е.М.');
INSERT INTO author (id, author_fio) VALUES (175, 'Петров Г.');
INSERT INTO author (id, author_fio) VALUES (176, 'Петров Г.Ф.');
INSERT INTO author (id, author_fio) VALUES (177, 'Гопиенко Г.');
INSERT INTO author (id, author_fio) VALUES (178, 'Кравченко Г.В.');
INSERT INTO author (id, author_fio) VALUES (179, 'Яковченко Р.Н.');
INSERT INTO author (id, author_fio) VALUES (180, 'Марголис А.Д.');
INSERT INTO author (id, author_fio) VALUES (181, 'Трофимов Ж.');
INSERT INTO author (id, author_fio) VALUES (182, 'Васильев В.В.');
INSERT INTO author (id, author_fio) VALUES (183, 'Охотников И.В.');
INSERT INTO author (id, author_fio) VALUES (184, 'Замошкин А.И.');
INSERT INTO author (id, author_fio) VALUES (185, 'Колпакчи М.М.');
INSERT INTO author (id, author_fio) VALUES (186, 'Лебедев П.И.');
INSERT INTO author (id, author_fio) VALUES (187, 'Тиханова В.');
INSERT INTO author (id, author_fio) VALUES (188, 'Колпинский Ю.');
INSERT INTO author (id, author_fio) VALUES (189, 'Зуев Б');
INSERT INTO author (id, author_fio) VALUES (190, 'Садовый Н.А.');
INSERT INTO author (id, author_fio) VALUES (191, 'Вересов А.И.');
INSERT INTO author (id, author_fio) VALUES (192, 'Олейников М.К.');
INSERT INTO author (id, author_fio) VALUES (193, 'Коничев Ф.К.');
INSERT INTO author (id, author_fio) VALUES (194, 'Борисевич К.К.');
INSERT INTO author (id, author_fio) VALUES (195, 'Антонов Б.И.');
INSERT INTO author (id, author_fio) VALUES (196, 'Шикурина А.');
INSERT INTO author (id, author_fio) VALUES (197, 'Исакова Е.В.');
INSERT INTO author (id, author_fio) VALUES (198, 'Шкаровский');
INSERT INTO author (id, author_fio) VALUES (199, 'Перевезенцева Н.А.');
INSERT INTO author (id, author_fio) VALUES (200, 'Смирнов-НесвицкийЮ.А.');
INSERT INTO author (id, author_fio) VALUES (201, 'Кудрявцев А.И.');
INSERT INTO author (id, author_fio) VALUES (202, 'Шкода Г.Н.');
INSERT INTO author (id, author_fio) VALUES (203, 'Чернакал В.Л.');
INSERT INTO author (id, author_fio) VALUES (204, 'Шкаровский М.В.');
INSERT INTO author (id, author_fio) VALUES (205, 'Холтроп П.Н.');
INSERT INTO author (id, author_fio) VALUES (206, 'Еремеев А.Н.');
INSERT INTO author (id, author_fio) VALUES (207, 'Канн П.Я.');
INSERT INTO author (id, author_fio) VALUES (209, 'Раков Ю А.');
INSERT INTO author (id, author_fio) VALUES (210, 'Семенникова Н.В.');
INSERT INTO author (id, author_fio) VALUES (211, 'Дубяго Т.Б.');
INSERT INTO author (id, author_fio) VALUES (212, 'Скочилов Б.Б.');
INSERT INTO author (id, author_fio) VALUES (213, 'Смирнов Н.');
INSERT INTO author (id, author_fio) VALUES (214, 'Коган А.Я.');
INSERT INTO author (id, author_fio) VALUES (215, 'Лихтин А.А.');
INSERT INTO author (id, author_fio) VALUES (216, 'Зазнобина Н.В.');
INSERT INTO author (id, author_fio) VALUES (217, 'Константиновская Г.А.');
INSERT INTO author (id, author_fio) VALUES (218, 'Мажуга А.И.');
INSERT INTO author (id, author_fio) VALUES (219, 'Федорова Н.Н.');
INSERT INTO author (id, author_fio) VALUES (220, 'Куферштейн Е.З.');
INSERT INTO author (id, author_fio) VALUES (221, 'Борисов К.М.');
INSERT INTO author (id, author_fio) VALUES (222, 'Ермолаева Л.К.');
INSERT INTO author (id, author_fio) VALUES (223, 'Лебедева И.М.');
INSERT INTO author (id, author_fio) VALUES (224, 'Мавродин В.В.');
INSERT INTO author (id, author_fio) VALUES (225, 'Предтеченский А.В.');
INSERT INTO author (id, author_fio) VALUES (226, 'Калязин Е.А.');
INSERT INTO author (id, author_fio) VALUES (227, 'Ермичева В.');
INSERT INTO author (id, author_fio) VALUES (228, 'Марсден К.');
INSERT INTO author (id, author_fio) VALUES (229, 'Ухналев А.Е.');
INSERT INTO author (id, author_fio) VALUES (230, 'Трубинов Ю.В.');
INSERT INTO author (id, author_fio) VALUES (231, 'Исаченко В.Г.');
INSERT INTO author (id, author_fio) VALUES (232, 'Ендольцев Ю.А.');
INSERT INTO author (id, author_fio) VALUES (233, 'Иванова Т.И.');
INSERT INTO author (id, author_fio) VALUES (234, 'Михневич В.');
INSERT INTO author (id, author_fio) VALUES (235, 'Юркова З.');
INSERT INTO author (id, author_fio) VALUES (236, 'Доценко В.Д.');
INSERT INTO author (id, author_fio) VALUES (237, 'Миронов В.Ф.');
INSERT INTO author (id, author_fio) VALUES (238, 'Столбова Н.П.');
INSERT INTO author (id, author_fio) VALUES (239, 'Фролов В.А.');
INSERT INTO author (id, author_fio) VALUES (240, 'Каргин Д.И.');
INSERT INTO author (id, author_fio) VALUES (241, 'Слобожан И.И.');
INSERT INTO author (id, author_fio) VALUES (242, 'Арабоглы А.А.');
INSERT INTO author (id, author_fio) VALUES (243, 'Башмаков А.И.');
INSERT INTO author (id, author_fio) VALUES (244, 'Ходанович В.И.');
INSERT INTO author (id, author_fio) VALUES (245, 'Кашпур Л.И.');
INSERT INTO author (id, author_fio) VALUES (246, 'Шурыгин Я.И.');
INSERT INTO author (id, author_fio) VALUES (247, 'Алексеева С.В.');
INSERT INTO author (id, author_fio) VALUES (248, 'Павлюченков А.');
INSERT INTO author (id, author_fio) VALUES (249, 'Никитенко Г.Ю.');
INSERT INTO author (id, author_fio) VALUES (250, 'Соболь В.Д.');
INSERT INTO author (id, author_fio) VALUES (251, 'Николаева Т.И.');
INSERT INTO author (id, author_fio) VALUES (252, 'Зазерский Е.Я.');
INSERT INTO author (id, author_fio) VALUES (253, 'Коган В.М.');
INSERT INTO author (id, author_fio) VALUES (254, 'Иванова Н.И.');
INSERT INTO author (id, author_fio) VALUES (255, 'Гараева Р.Н.');
INSERT INTO author (id, author_fio) VALUES (256, 'Лисовский В.Г.');
INSERT INTO author (id, author_fio) VALUES (257, 'Благово Н.В.');
INSERT INTO author (id, author_fio) VALUES (259, 'Смирнова Т.М.');
INSERT INTO author (id, author_fio) VALUES (260, 'Смирнов В.В.');
INSERT INTO author (id, author_fio) VALUES (261, 'Беспятых Ю.Н.');
INSERT INTO author (id, author_fio) VALUES (262, 'Прибульская Г.И.');
INSERT INTO author (id, author_fio) VALUES (263, 'Сашонко В.Н.');
INSERT INTO author (id, author_fio) VALUES (264, 'Привалов В.Д.');
INSERT INTO author (id, author_fio) VALUES (265, 'Корчагин Е.Н.');
INSERT INTO author (id, author_fio) VALUES (266, 'Кунките М.');
INSERT INTO author (id, author_fio) VALUES (267, 'Куценогий М.В.');
INSERT INTO author (id, author_fio) VALUES (268, 'Альбедиль М.Ф.');
INSERT INTO author (id, author_fio) VALUES (269, 'Дмитриева Е.В.');
INSERT INTO author (id, author_fio) VALUES (270, 'Андреева А.Н.');
INSERT INTO author (id, author_fio) VALUES (271, 'Люлина Р.Д.');
INSERT INTO author (id, author_fio) VALUES (272, 'Раскин А.Г.');
INSERT INTO author (id, author_fio) VALUES (273, 'Тубли М.П.');
INSERT INTO author (id, author_fio) VALUES (274, 'Антощенков В. ');
INSERT INTO author (id, author_fio) VALUES (275, 'Чернова В.Р.');
INSERT INTO author (id, author_fio) VALUES (276, 'Калинин Б.Н.');
INSERT INTO author (id, author_fio) VALUES (277, 'Юревич П.П.');
INSERT INTO author (id, author_fio) VALUES (278, 'Тычинин Б.Б.');
INSERT INTO author (id, author_fio) VALUES (279, 'Емелин А.Ю.');
INSERT INTO author (id, author_fio) VALUES (280, 'Щусев А.В.');
INSERT INTO author (id, author_fio) VALUES (281, 'Кирцидели Ю.И.');
INSERT INTO author (id, author_fio) VALUES (282, 'Антонов В.В.');
INSERT INTO author (id, author_fio) VALUES (283, 'Кобак А.В.');
INSERT INTO author (id, author_fio) VALUES (284, 'Добкин А.И.');
INSERT INTO author (id, author_fio) VALUES (285, 'Умецкая М.Н.');
INSERT INTO author (id, author_fio) VALUES (286, 'Кривошеев Ю.В.');
INSERT INTO author (id, author_fio) VALUES (287, 'Ермонская В.В.');
INSERT INTO author (id, author_fio) VALUES (288, 'Нетунахина Г.Д.');
INSERT INTO author (id, author_fio) VALUES (289, 'Попова Т.Ф.');
INSERT INTO author (id, author_fio) VALUES (290, 'Пастернак Б.Л.');
INSERT INTO author (id, author_fio) VALUES (291, 'Андреева В.И.');
INSERT INTO author (id, author_fio) VALUES (292, 'Гордин А.М.');
INSERT INTO author (id, author_fio) VALUES (294, 'Краснова Е.И.');
INSERT INTO author (id, author_fio) VALUES (295, 'Кузнецов В.П.');
INSERT INTO author (id, author_fio) VALUES (296, 'Бакушинский А.В.');
INSERT INTO author (id, author_fio) VALUES (297, 'Шефов А.Н.');
INSERT INTO author (id, author_fio) VALUES (258, 'Кудрявцев Н.И.');
INSERT INTO author (id, author_fio) VALUES (208, 'Лисаевич И.И.');
INSERT INTO author (id, author_fio) VALUES (298, 'Сарабьянов Д.В. ');
INSERT INTO author (id, author_fio) VALUES (299, 'Дубовицкая Н.Н.');
INSERT INTO author (id, author_fio) VALUES (300, 'Шульц мл. С.С.');
INSERT INTO author (id, author_fio) VALUES (301, 'Склярский  В.А.');
INSERT INTO author (id, author_fio) VALUES (302, 'Линдсей Д.');
INSERT INTO author (id, author_fio) VALUES (303, 'Микишатьев М.');
INSERT INTO author (id, author_fio) VALUES (304, 'Зуев Г.И');
INSERT INTO author (id, author_fio) VALUES (305, 'Шитов Д.И.');
INSERT INTO author (id, author_fio) VALUES (306, 'Беляева Г.И.');
INSERT INTO author (id, author_fio) VALUES (307, 'Wilfied Seipel');
INSERT INTO author (id, author_fio) VALUES (308, 'Федоров Б.В.');
INSERT INTO author (id, author_fio) VALUES (309, 'Шерих Д.Ю.');
INSERT INTO author (id, author_fio) VALUES (310, 'Кожина Л.М.');
INSERT INTO author (id, author_fio) VALUES (311, 'Смирнов А.А.');
INSERT INTO author (id, author_fio) VALUES (312, 'Иванов А.А.');
INSERT INTO author (id, author_fio) VALUES (313, 'Лапин В.В.');
INSERT INTO author (id, author_fio) VALUES (314, 'Ваксер А.З.');
INSERT INTO author (id, author_fio) VALUES (315, 'Большаков А.О.');
INSERT INTO author (id, author_fio) VALUES (316, 'Гук Д.Ю');
INSERT INTO author (id, author_fio) VALUES (317, 'Трофимов А.А.');
INSERT INTO author (id, author_fio) VALUES (318, 'Боборыкин П.Д.');
INSERT INTO author (id, author_fio) VALUES (319, 'Матвеев В.И.');
INSERT INTO author (id, author_fio) VALUES (320, 'Ёлшин Д.Д.');
INSERT INTO author (id, author_fio) VALUES (321, 'Файбисович В.М.');
INSERT INTO author (id, author_fio) VALUES (322, 'Лурье П.Б.');
INSERT INTO author (id, author_fio) VALUES (323, 'Асварищ Б.И.');
INSERT INTO author (id, author_fio) VALUES (324, 'Вилинбахов Г.В.');
INSERT INTO author (id, author_fio) VALUES (325, 'Башмаков М.И.');
INSERT INTO author (id, author_fio) VALUES (326, 'Шмук Н.М.');
INSERT INTO author (id, author_fio) VALUES (327, 'Пиотровский М.Б.');
INSERT INTO author (id, author_fio) VALUES (328, 'Хэмблинг М.');
INSERT INTO author (id, author_fio) VALUES (329, 'Малич К.А.');
INSERT INTO author (id, author_fio) VALUES (330, 'Костеневич А.Г.');
INSERT INTO author (id, author_fio) VALUES (331, 'Лесникова А.В.');
INSERT INTO author (id, author_fio) VALUES (332, 'Спасский И.Г.');
INSERT INTO author (id, author_fio) VALUES (333, 'Любин Д.В.');
INSERT INTO author (id, author_fio) VALUES (334, 'Жуковский В.');
INSERT INTO author (id, author_fio) VALUES (335, 'Григорьев Р.Г.');
INSERT INTO author (id, author_fio) VALUES (336, 'Косоурова Т.Н.');
INSERT INTO author (id, author_fio) VALUES (337, 'Матвеев В.Ю.');
INSERT INTO author (id, author_fio) VALUES (338, 'Гранин Д. ');
INSERT INTO author (id, author_fio) VALUES (339, 'Дягилева Ю.');
INSERT INTO author (id, author_fio) VALUES (340, 'Ваганова И.Б.');
INSERT INTO author (id, author_fio) VALUES (341, 'Некрасов В.');
INSERT INTO author (id, author_fio) VALUES (342, 'Калугина О.В.');
INSERT INTO author (id, author_fio) VALUES (343, 'Туманина Н.');
INSERT INTO author (id, author_fio) VALUES (344, 'Достоевский А.М.');
INSERT INTO author (id, author_fio) VALUES (345, 'Соколова Н.');
INSERT INTO author (id, author_fio) VALUES (346, 'Карев В.Н. ');
INSERT INTO author (id, author_fio) VALUES (347, 'Довлатов С.');
INSERT INTO author (id, author_fio) VALUES (348, 'Быков В.');
INSERT INTO author (id, author_fio) VALUES (349, 'Уанова И.Н.');
INSERT INTO author (id, author_fio) VALUES (350, 'Уханова Н.И');
INSERT INTO author (id, author_fio) VALUES (351, 'Михайлович Н.');
INSERT INTO author (id, author_fio) VALUES (352, 'Саитов В.');
INSERT INTO author (id, author_fio) VALUES (353, 'Саитов В. ');
INSERT INTO author (id, author_fio) VALUES (354, 'Бахтиаров А.А.');
INSERT INTO author (id, author_fio) VALUES (355, 'Штиглиц М.С.');
INSERT INTO author (id, author_fio) VALUES (356, 'Кубицкая О.');
INSERT INTO author (id, author_fio) VALUES (358, 'Богданов И.А.');
INSERT INTO author (id, author_fio) VALUES (359, 'Пукинский Б.К.');
INSERT INTO author (id, author_fio) VALUES (360, 'Лавренова Л.Е.');
INSERT INTO author (id, author_fio) VALUES (361, 'Забозлаева Т.Б.');
INSERT INTO author (id, author_fio) VALUES (362, 'Маришкина В.Ф.');
INSERT INTO author (id, author_fio) VALUES (363, 'Процай Л.А.');
INSERT INTO author (id, author_fio) VALUES (364, 'Лысиков А.Б.');
INSERT INTO author (id, author_fio) VALUES (365, 'Шишкин В.');
INSERT INTO author (id, author_fio) VALUES (366, 'Телемаков В.С.');
INSERT INTO author (id, author_fio) VALUES (367, 'Гритун Г.С.');
INSERT INTO author (id, author_fio) VALUES (368, 'Елёскина Л.В.');
INSERT INTO author (id, author_fio) VALUES (369, 'Коллектив авторов');
INSERT INTO author (id, author_fio) VALUES (370, 'Петинова Е.Ф.');
INSERT INTO author (id, author_fio) VALUES (371, 'Карев В.М. ');
INSERT INTO author (id, author_fio) VALUES (372, 'Кучерова Е.');
INSERT INTO author (id, author_fio) VALUES (373, 'Силинская Н.В.');
INSERT INTO author (id, author_fio) VALUES (374, 'Король В.В.');
INSERT INTO author (id, author_fio) VALUES (375, 'Агнивцев Н.Я.');
INSERT INTO author (id, author_fio) VALUES (376, 'Шапилов Е.');
INSERT INTO author (id, author_fio) VALUES (377, 'Величко М.');
INSERT INTO author (id, author_fio) VALUES (378, 'Костылев Р.П.');
INSERT INTO author (id, author_fio) VALUES (379, 'Сенин С.И.');
INSERT INTO author (id, author_fio) VALUES (380, 'Гаспаров М.Л.');
INSERT INTO author (id, author_fio) VALUES (381, 'Шкеле Н.В.');
INSERT INTO author (id, author_fio) VALUES (382, 'Васильева Т.Г.');
INSERT INTO author (id, author_fio) VALUES (383, 'Волков С.');
INSERT INTO author (id, author_fio) VALUES (384, 'Иванова А.И.');
INSERT INTO author (id, author_fio) VALUES (385, 'Горбачевич К.С.');
INSERT INTO author (id, author_fio) VALUES (386, 'Хабло Е.П.');
INSERT INTO author (id, author_fio) VALUES (387, 'Халфин А.');
INSERT INTO author (id, author_fio) VALUES (388, 'Комаров Н.Я.');
INSERT INTO author (id, author_fio) VALUES (389, 'Мелуа А.И.');
INSERT INTO author (id, author_fio) VALUES (390, 'Левтов В.Е.');
INSERT INTO author (id, author_fio) VALUES (391, 'Платунов А.М.');
INSERT INTO author (id, author_fio) VALUES (392, 'Линникова Н.Я.');
INSERT INTO author (id, author_fio) VALUES (393, 'Рафиков А.М.');
INSERT INTO author (id, author_fio) VALUES (394, 'Ружже В.Л.');
INSERT INTO author (id, author_fio) VALUES (395, 'Шевченко Ю.Л.');
INSERT INTO author (id, author_fio) VALUES (396, 'Крашенинникова Т.Я.');
INSERT INTO author (id, author_fio) VALUES (397, 'Зуев Г.И.');
INSERT INTO author (id, author_fio) VALUES (398, 'Николаев Н.А.');
INSERT INTO author (id, author_fio) VALUES (399, 'Бубнов Л.А.');
INSERT INTO author (id, author_fio) VALUES (400, 'Костюк О.Г.');
INSERT INTO author (id, author_fio) VALUES (357, 'Скочилов Б.Б.');
INSERT INTO author (id, author_fio) VALUES (76, 'Харитоненко Т.С.');
INSERT INTO author (id, author_fio) VALUES (293, 'Бройтман Л.И.');
INSERT INTO author (id, author_fio) VALUES (401, 'Лурье Л.Я.');
INSERT INTO author (id, author_fio) VALUES (158, 'Келлер Е.Э.');
INSERT INTO author (id, author_fio) VALUES (402, 'Харитоненко');
INSERT INTO author (id, author_fio) VALUES (403, 'Бондаренко И.Е.');

INSERT INTO book (id_book, barcode_book, title, author, dopauthor, dopauthor2, publish, text, totalpages, location, bbk, isbn, book_leng, status, year, inventar, category, dateinventar, datereg, price, doc_id, place_publish) VALUES (34, 300200100133, 'А.И.Куинджи', 51, 0, 0, 'Искусство Москва', '', '103', 'А', '-', '-', 1, 1, '1966', '6400', 52, '2004-01-01', '2013-10-14', 0, 1, NULL);
INSERT INTO book (id_book, barcode_book, title, author, dopauthor, dopauthor2, publish, text, totalpages, location, bbk, isbn, book_leng, status, year, inventar, category, dateinventar, datereg, price, doc_id, place_publish) VALUES (19, 300200100118, 'Знаменитые русские художники', 36, 0, 0, 'Азбука', '-', '398', '19.4.3', '85.1', '9785768405182', 1, 1, '2000', '12917', 47, '2001-01-01', '2013-10-10', 1, 1, NULL);
INSERT INTO book (id_book, barcode_book, title, author, dopauthor, dopauthor2, publish, text, totalpages, location, bbk, isbn, book_leng, status, year, inventar, category, dateinventar, datereg, price, doc_id, place_publish) VALUES (26, 300200100125, 'Скульптор Петр Клодтт', 43, 0, 0, 'Сударыня', '-', '266', '?', '85.14', '-', 1, 1, '2005', '14226', 40, '2001-01-01', '2013-10-10', 0, 1, NULL);
INSERT INTO book (id_book, barcode_book, title, author, dopauthor, dopauthor2, publish, text, totalpages, location, bbk, isbn, book_leng, status, year, inventar, category, dateinventar, datereg, price, doc_id, place_publish) VALUES (28, 300200100127, 'Старый Петербург', 45, 0, 0, 'Мысль', '-', '187', '20', '-', '-', 1, 1, '1925', '10181', 48, '1986-03-20', '2013-10-11', 1, 1, NULL);
INSERT INTO book (id_book, barcode_book, title, author, dopauthor, dopauthor2, publish, text, totalpages, location, bbk, isbn, book_leng, status, year, inventar, category, dateinventar, datereg, price, doc_id, place_publish) VALUES (22, 300200100121, 'Энциклопедия Мир русской истории', 39, 0, 0, 'Москва', '-', '604', '19.4.3', '63.2', '5-7838-0093-7', 1, 1, '1999', '12886', 47, '2001-01-01', '2013-10-10', 1, 1, NULL);
INSERT INTO book (id_book, barcode_book, title, author, dopauthor, dopauthor2, publish, text, totalpages, location, bbk, isbn, book_leng, status, year, inventar, category, dateinventar, datereg, price, doc_id, place_publish) VALUES (41, 300200100140, 'Александр Андреевич Иванов', 59, 0, 0, 'Художник РСФСР', '', '48', 'А', '-', '-', 1, 1, '1989', '11201', 2, '2001-01-01', '2013-10-14', 0, 1, NULL);
INSERT INTO book (id_book, barcode_book, title, author, dopauthor, dopauthor2, publish, text, totalpages, location, bbk, isbn, book_leng, status, year, inventar, category, dateinventar, datereg, price, doc_id, place_publish) VALUES (29, 300200100128, 'Художественные музеи Голландии', 46, 0, 0, 'Искусство', '-', '183', '19.4', '-', '-', 1, 1, '1969', '7207', 2, '1970-03-16', '2013-10-11', 1.38, 3895, NULL);
INSERT INTO book (id_book, barcode_book, title, author, dopauthor, dopauthor2, publish, text, totalpages, location, bbk, isbn, book_leng, status, year, inventar, category, dateinventar, datereg, price, doc_id, place_publish) VALUES (17, 300200100116, 'Современный словарь-справочник по искусству', 34, 0, 0, 'Москва', '-', '813', '19.4.3', '92я721', '-', 1, 1, '1999', '12639', 47, '2001-01-01', '2013-10-09', 1, 1, NULL);
INSERT INTO book (id_book, barcode_book, title, author, dopauthor, dopauthor2, publish, text, totalpages, location, bbk, isbn, book_leng, status, year, inventar, category, dateinventar, datereg, price, doc_id, place_publish) VALUES (42, 300200100141, 'Павел Андреевич Федотов', 55, 0, 0, 'Искусство Москва', '', '77', '?', '-', '-', 1, 1, '1977', '8630', 52, '2001-01-01', '2013-10-15', 0, 1, NULL);
INSERT INTO book (id_book, barcode_book, title, author, dopauthor, dopauthor2, publish, text, totalpages, location, bbk, isbn, book_leng, status, year, inventar, category, dateinventar, datereg, price, doc_id, place_publish) VALUES (32, 300200100131, 'Падуя. Виченца. Верона', 49, 0, 0, 'Искусство', '-', '184', '19.4', '-', '-', 1, 1, '1978', '8842', 51, '1979-03-20', '2013-10-11', 1.5, 1, NULL);
INSERT INTO book (id_book, barcode_book, title, author, dopauthor, dopauthor2, publish, text, totalpages, location, bbk, isbn, book_leng, status, year, inventar, category, dateinventar, datereg, price, doc_id, place_publish) VALUES (5, 300200100104, 'Русская литература 20-го века', 28, 0, 0, 'Просвещение, Москва', '-', '654', '19.4', '83.3Р1', '-', 1, 1, '1987', '10548', 49, '1987-09-18', '2013-10-09', 1.89999998, 48776, NULL);
INSERT INTO book (id_book, barcode_book, title, author, dopauthor, dopauthor2, publish, text, totalpages, location, bbk, isbn, book_leng, status, year, inventar, category, dateinventar, datereg, price, doc_id, place_publish) VALUES (11, 300200100110, 'Талейран Мемуары', 29, 0, 0, 'Институт Международных Отношений', '-', '438', '19.4', '-', '-', 1, 1, '1959', '2944', 41, '1959-06-19', '2013-10-09', 11.25, 1, NULL);
INSERT INTO book (id_book, barcode_book, title, author, dopauthor, dopauthor2, publish, text, totalpages, location, bbk, isbn, book_leng, status, year, inventar, category, dateinventar, datereg, price, doc_id, place_publish) VALUES (13, 300200100112, 'Словарь русского языка', 30, 0, 0, 'Русский язык, Москва', '-', '846', '19.4', '81.2Р-4', '-', 1, 1, '1978', '8830', 47, '1979-02-03', '2013-10-09', 6.5, 8869, NULL);
INSERT INTO book (id_book, barcode_book, title, author, dopauthor, dopauthor2, publish, text, totalpages, location, bbk, isbn, book_leng, status, year, inventar, category, dateinventar, datereg, price, doc_id, place_publish) VALUES (35, 300200100134, 'Алексей Петрович Антропов', 53, 0, 0, 'Искусство', '', '237', 'А', '-', '-', 1, 1, '1974', '8158', 52, '2001-01-01', '2013-10-14', 0, 1, NULL);
INSERT INTO book (id_book, barcode_book, title, author, dopauthor, dopauthor2, publish, text, totalpages, location, bbk, isbn, book_leng, status, year, inventar, category, dateinventar, datereg, price, doc_id, place_publish) VALUES (15, 300200100114, 'Георгий Ечеистов', 32, 0, 0, 'Советский художник', '-', '72', '19.6', '-', '-', 1, 1, '1969', '7054', 2, '1970-09-09', '2013-10-09', 0.569999993, 7762, NULL);
INSERT INTO book (id_book, barcode_book, title, author, dopauthor, dopauthor2, publish, text, totalpages, location, bbk, isbn, book_leng, status, year, inventar, category, dateinventar, datereg, price, doc_id, place_publish) VALUES (33, 300200100132, 'Самые знаменитые флотоводцы России', 50, 0, 0, 'Вече', '-', '477', '19.4.3', '63.3', '-', 1, 1, '2000', '12953', 50, '2001-01-01', '2013-10-11', 0, 1, NULL);
INSERT INTO book (id_book, barcode_book, title, author, dopauthor, dopauthor2, publish, text, totalpages, location, bbk, isbn, book_leng, status, year, inventar, category, dateinventar, datereg, price, doc_id, place_publish) VALUES (31, 300200100130, '100 великих памятников', 48, 0, 0, 'Вече', '-', '476', '19.4.3', '85.13', '-', 1, 1, '2001', '13041', 47, '2001-04-10', '2013-10-11', 1, 1, NULL);
INSERT INTO book (id_book, barcode_book, title, author, dopauthor, dopauthor2, publish, text, totalpages, location, bbk, isbn, book_leng, status, year, inventar, category, dateinventar, datereg, price, doc_id, place_publish) VALUES (21, 300200100120, 'Советская фантастика 50-70-х годов', 38, 0, 0, 'Художественная литература', '-', '558', '19.4.3', '84Р7', '-', 1, 1, '1988', '10961', 44, '2001-01-01', '2013-10-10', 1, 1001, NULL);
INSERT INTO book (id_book, barcode_book, title, author, dopauthor, dopauthor2, publish, text, totalpages, location, bbk, isbn, book_leng, status, year, inventar, category, dateinventar, datereg, price, doc_id, place_publish) VALUES (30, 300200100129, 'Записки моряка - художника', 47, 0, 0, 'Агни', '-', '278', 'А', '85.143', '-', 1, 1, '2006', '14882', 52, '2001-01-01', '2013-10-11', 1, 1, NULL);
INSERT INTO book (id_book, barcode_book, title, author, dopauthor, dopauthor2, publish, text, totalpages, location, bbk, isbn, book_leng, status, year, inventar, category, dateinventar, datereg, price, doc_id, place_publish) VALUES (14, 300200100113, 'Анненшуле сквозь три столетия', 31, 0, 0, 'Звезда', '-', '240', '19.5.5', '63.3', '8-94214-062-6', 1, 1, '2004', '14108', 48, '2005-11-02', '2013-10-09', 80, 98, NULL);
INSERT INTO book (id_book, barcode_book, title, author, dopauthor, dopauthor2, publish, text, totalpages, location, bbk, isbn, book_leng, status, year, inventar, category, dateinventar, datereg, price, doc_id, place_publish) VALUES (36, 300200100135, 'Ломоносов - художник', 54, 0, 0, 'Искусство', '', '143', 'А', '85.143(2).1/Н48', '-', 1, 1, '1988', '-', 52, '2001-01-01', '2013-10-14', 0, 1, NULL);
INSERT INTO book (id_book, barcode_book, title, author, dopauthor, dopauthor2, publish, text, totalpages, location, bbk, isbn, book_leng, status, year, inventar, category, dateinventar, datereg, price, doc_id, place_publish) VALUES (25, 300200100124, 'Василий Иванович Демут-Малиновский', 42, 0, 0, 'Художник РСФСР', '-', '60', 'А', '-', '-', 1, 1, '1980', '9093', 52, '2001-01-01', '2013-10-10', 0, 1, NULL);
INSERT INTO book (id_book, barcode_book, title, author, dopauthor, dopauthor2, publish, text, totalpages, location, bbk, isbn, book_leng, status, year, inventar, category, dateinventar, datereg, price, doc_id, place_publish) VALUES (39, 300200100138, 'Владимир Лукич Боровиковский', 57, 0, 0, 'Искусство', '', '27', 'А', '-', '-', 1, 1, '1950', '1382', 52, '2001-01-01', '2013-10-14', 0, 1, NULL);
INSERT INTO book (id_book, barcode_book, title, author, dopauthor, dopauthor2, publish, text, totalpages, location, bbk, isbn, book_leng, status, year, inventar, category, dateinventar, datereg, price, doc_id, place_publish) VALUES (37, 300200100136, 'Пейзажи Александра Иванова', 55, 0, 0, 'Искусство', '', '117', 'А', '-', '-', 1, 1, '1976', '8390', 52, '2001-01-01', '2013-10-14', 0, 1, NULL);
INSERT INTO book (id_book, barcode_book, title, author, dopauthor, dopauthor2, publish, text, totalpages, location, bbk, isbn, book_leng, status, year, inventar, category, dateinventar, datereg, price, doc_id, place_publish) VALUES (38, 300200100137, 'Федор Толстой', 56, 0, 0, 'Художник РСФСР', '-', '75', 'А', '-', '-', 1, 1, '1981', '9394', 52, '2001-01-01', '2013-10-14', 0.5, 1, NULL);
INSERT INTO book (id_book, barcode_book, title, author, dopauthor, dopauthor2, publish, text, totalpages, location, bbk, isbn, book_leng, status, year, inventar, category, dateinventar, datereg, price, doc_id, place_publish) VALUES (27, 300200100126, 'Ф.ф.Щедрин', 44, 0, 0, 'Искусство, Москва', '-', '130', 'А', '-', '-', 1, 1, '1953', '1828', 52, '2001-01-01', '2013-10-10', 0, 1, NULL);
INSERT INTO book (id_book, barcode_book, title, author, dopauthor, dopauthor2, publish, text, totalpages, location, bbk, isbn, book_leng, status, year, inventar, category, dateinventar, datereg, price, doc_id, place_publish) VALUES (43, 300200100142, 'Иван Иванович Шишкин', 61, 0, 0, 'Государственное издательство Изобразительного искусства, Москва', '', '48', '', '-', '-', 1, 1, '1962', '4500', 52, '2001-01-01', '2013-10-15', 0, 1, NULL);
INSERT INTO book (id_book, barcode_book, title, author, dopauthor, dopauthor2, publish, text, totalpages, location, bbk, isbn, book_leng, status, year, inventar, category, dateinventar, datereg, price, doc_id, place_publish) VALUES (40, 300200100139, 'Иван Николаевич Крамской', 58, 0, 0, 'Художник РСФСР, Ленинград', '', '79', 'А', '-', '-', 1, 1, '1969', '7133', 52, '2001-01-01', '2013-10-14', 0, 1, NULL);
INSERT INTO book (id_book, barcode_book, title, author, dopauthor, dopauthor2, publish, text, totalpages, location, bbk, isbn, book_leng, status, year, inventar, category, dateinventar, datereg, price, doc_id, place_publish) VALUES (24, 300200100123, 'Александр Иванов', 41, 0, 0, 'Искусство', '-', '415', 'А', '-', '-', 1, 1, '1956', '2330', 52, '2001-01-01', '2013-10-10', 53.2999992, 1, NULL);
INSERT INTO book (id_book, barcode_book, title, author, dopauthor, dopauthor2, publish, text, totalpages, location, bbk, isbn, book_leng, status, year, inventar, category, dateinventar, datereg, price, doc_id, place_publish) VALUES (44, 300200100143, 'Борис Михайлович Кустодиев', 62, 0, 0, 'Государственное издательство Изобразительного искусства, Москва', '', '50', '?', '-', '-', 1, 1, '1960', '3767', 52, '2001-01-01', '2013-10-15', 0, 1, NULL);
INSERT INTO book (id_book, barcode_book, title, author, dopauthor, dopauthor2, publish, text, totalpages, location, bbk, isbn, book_leng, status, year, inventar, category, dateinventar, datereg, price, doc_id, place_publish) VALUES (4, 300200100103, 'Деловой мир россии', 27, 0, 0, 'Искусство-СПБ', '-', '327', '19.4.3', '6.5(04)Б24', '5-210-01503-3', 1, 1, '1998', '12573', 45, '1999-06-05', '2013-10-09', 45, 990203, NULL);
INSERT INTO book (id_book, barcode_book, title, author, dopauthor, dopauthor2, publish, text, totalpages, location, bbk, isbn, book_leng, status, year, inventar, category, dateinventar, datereg, price, doc_id, place_publish) VALUES (18, 300200100117, 'Петербургские Интеллигенты', 35, 0, 0, 'Образование-Культура', '-', '471', '19.4.3', '84-44', '5-88857-084-2', 1, 1, '2001', '13544', 49, '2001-01-01', '2013-10-10', 1, 1, NULL);
INSERT INTO book (id_book, barcode_book, title, author, dopauthor, dopauthor2, publish, text, totalpages, location, bbk, isbn, book_leng, status, year, inventar, category, dateinventar, datereg, price, doc_id, place_publish) VALUES (45, 300200100144, 'Архитектурные проекты и рисунки Кварегни', 63, 0, 0, 'Эрмитаж', '-', '68', 'К', '-', '-', 1, 1, 'Эрмитаж', '6356', 52, '2001-01-01', '2013-10-15', 1, 1, NULL);
INSERT INTO book (id_book, barcode_book, title, author, dopauthor, dopauthor2, publish, text, totalpages, location, bbk, isbn, book_leng, status, year, inventar, category, dateinventar, datereg, price, doc_id, place_publish) VALUES (23, 300200100122, '100 Великих чудес света', 40, 0, 0, 'Вече', '-', '527', '19.4', '63.2', '5-7838-0356-1', 1, 1, '2000', '12810', 50, '2001-01-01', '2013-10-10', 49, 1, NULL);
INSERT INTO book (id_book, barcode_book, title, author, dopauthor, dopauthor2, publish, text, totalpages, location, bbk, isbn, book_leng, status, year, inventar, category, dateinventar, datereg, price, doc_id, place_publish) VALUES (46, 300200100145, 'Скульптор Илья Гинцбург. Воспоминания, статьи, письма', 64, 0, 0, 'Художник РСФСР, Ленинград', '', '278', '?', '-', '-', 1, 1, '1964', '7444', 52, '2001-01-01', '2013-10-15', 0, 1, NULL);
INSERT INTO book (id_book, barcode_book, title, author, dopauthor, dopauthor2, publish, text, totalpages, location, bbk, isbn, book_leng, status, year, inventar, category, dateinventar, datereg, price, doc_id, place_publish) VALUES (48, 300200100147, 'Грибоедов. Энциклопедия', 66, 0, 0, '"Нестор-Историк", Санкт-Петербург', '', '393', '?', '83.3Р1-8 Грибоедов А.С.я2', '978-5-981872-36-5', 1, 1, '2007', '14658', 52, '2001-01-01', '2013-10-15', 0, 1, NULL);
INSERT INTO book (id_book, barcode_book, title, author, dopauthor, dopauthor2, publish, text, totalpages, location, bbk, isbn, book_leng, status, year, inventar, category, dateinventar, datereg, price, doc_id, place_publish) VALUES (49, 300200100148, 'Пять рассказов о знаменитых актерах', 68, 0, 0, 'Искусство Ленинградское отделение', '', '210', '?', '85.443(2)1/А58', '-', 1, 1, '1985', '10223', 52, '2001-01-01', '2013-10-15', 0, 1, NULL);
INSERT INTO book (id_book, barcode_book, title, author, dopauthor, dopauthor2, publish, text, totalpages, location, bbk, isbn, book_leng, status, year, inventar, category, dateinventar, datereg, price, doc_id, place_publish) VALUES (50, 300200100149, 'Мартос', 69, 0, 0, 'Государственное издательство "Искусство", Москва-Ленинград', '', '137', '?', '-', '-', 1, 1, '1938', '323', 52, '2001-01-01', '2013-10-15', 0, 1, NULL);
INSERT INTO book (id_book, barcode_book, title, author, dopauthor, dopauthor2, publish, text, totalpages, location, bbk, isbn, book_leng, status, year, inventar, category, dateinventar, datereg, price, doc_id, place_publish) VALUES (51, 300200100150, 'Петергоф', 67, 0, 0, 'Абрис', 'Петергоф, новые поступления 2000-2002', '232', '20', '85.12', '-', 1, 1, '2002', '13529', 43, '2001-01-01', '2013-10-15', 1219.05005, 1, NULL);
INSERT INTO book (id_book, barcode_book, title, author, dopauthor, dopauthor2, publish, text, totalpages, location, bbk, isbn, book_leng, status, year, inventar, category, dateinventar, datereg, price, doc_id, place_publish) VALUES (52, 300200100151, 'Санкт-Петербург около 1903 года, Грани столетий', 70, 0, 0, 'Новый мир искусства', '-', '161', '19.5.5', '63.3', '-', 1, 1, '2000', '13741', 4, '2001-01-01', '2013-10-15', 1, 1, NULL);
INSERT INTO book (id_book, barcode_book, title, author, dopauthor, dopauthor2, publish, text, totalpages, location, bbk, isbn, book_leng, status, year, inventar, category, dateinventar, datereg, price, doc_id, place_publish) VALUES (53, 300200100152, 'Александр II и Царское Село ', 71, 0, 0, 'ГМЗ "Царское Село"', 'Каталог выставки', '191', '20', '63.3(0)', '-', 1, 1, '2000', '13421', 43, '2001-01-01', '2013-10-15', 1, 1, NULL);
INSERT INTO book (id_book, barcode_book, title, author, dopauthor, dopauthor2, publish, text, totalpages, location, bbk, isbn, book_leng, status, year, inventar, category, dateinventar, datereg, price, doc_id, place_publish) VALUES (54, 300200100153, 'Быт и население Санкт-Петербурга 18 в', 60, 0, 0, '', '-', '240', '19.5.6', '-', '9785867890797', 1, 1, '1998', '12437', 52, '2001-01-01', '2013-10-15', 1, 1, NULL);
INSERT INTO book (id_book, barcode_book, title, author, dopauthor, dopauthor2, publish, text, totalpages, location, bbk, isbn, book_leng, status, year, inventar, category, dateinventar, datereg, price, doc_id, place_publish) VALUES (55, 300200100154, 'Рассвет над Петербургом', 72, 0, 0, 'Европейский дом', '-', '270', '19.5.6', '63.3', '-', 1, 1, '2005', '14134', 52, '2001-01-01', '2013-10-15', 0, 1, NULL);
INSERT INTO book (id_book, barcode_book, title, author, dopauthor, dopauthor2, publish, text, totalpages, location, bbk, isbn, book_leng, status, year, inventar, category, dateinventar, datereg, price, doc_id, place_publish) VALUES (56, 300200100155, 'П.А.Стрепетова', 73, 0, 0, 'Государственное издательство "Искусство", Москва-Ленинград', '', '340', '?', '-', '-', 1, 1, '1959', '3050', 52, '2001-01-01', '2013-10-16', 0, 1, NULL);
INSERT INTO book (id_book, barcode_book, title, author, dopauthor, dopauthor2, publish, text, totalpages, location, bbk, isbn, book_leng, status, year, inventar, category, dateinventar, datereg, price, doc_id, place_publish) VALUES (57, 300200100156, 'Записки. Том 2', 74, 0, 0, 'Государственное издательство "Искусство", Ленинград-Москва', '', '529', '?', '-', '-', 1, 1, '1945', '398', 52, '2001-01-01', '2013-10-16', 0, 1, NULL);
INSERT INTO book (id_book, barcode_book, title, author, dopauthor, dopauthor2, publish, text, totalpages, location, bbk, isbn, book_leng, status, year, inventar, category, dateinventar, datereg, price, doc_id, place_publish) VALUES (58, 300200100157, 'Рдом с Черкасовым', 75, 0, 0, 'Лениздат', '', '252', '?', '-', '-', 1, 1, '1978', '8836', 52, '2001-01-01', '2013-10-16', 0, 1, NULL);
INSERT INTO book (id_book, barcode_book, title, author, dopauthor, dopauthor2, publish, text, totalpages, location, bbk, isbn, book_leng, status, year, inventar, category, dateinventar, datereg, price, doc_id, place_publish) VALUES (59, 300200100158, 'Актеры и легенды Петербурга', 77, 78, 0, 'РИИИ, Санкт-Петербург', '', '507', '?', '', '5-86845-108-2', 1, 1, ' 2004', '14469', 52, '2001-01-01', '2013-10-16', 0, 1, NULL);
INSERT INTO book (id_book, barcode_book, title, author, dopauthor, dopauthor2, publish, text, totalpages, location, bbk, isbn, book_leng, status, year, inventar, category, dateinventar, datereg, price, doc_id, place_publish) VALUES (60, 300200100159, 'Популярная иллюстрированная энциклопедия "Русская культура"', 79, 0, 0, '"Дрофа Плюс" Москва', '', '816', '?', '71Я2/Р89', '5-9555-0926-7', 1, 1, '2006', '14359', 52, '2001-01-01', '2013-10-16', 0, 1, NULL);
INSERT INTO book (id_book, barcode_book, title, author, dopauthor, dopauthor2, publish, text, totalpages, location, bbk, isbn, book_leng, status, year, inventar, category, dateinventar, datereg, price, doc_id, place_publish) VALUES (61, 300200100160, 'Пантеон Российских писателей XVIII века', 80, 81, 0, 'Академический проект, С.-Петербург', '', '637', '?', '83.3(2Рос=Рус)1', '5-7331-0261-6', 1, 1, '2002', '13388', 52, '2001-01-01', '2013-10-16', 0, 1, NULL);
INSERT INTO book (id_book, barcode_book, title, author, dopauthor, dopauthor2, publish, text, totalpages, location, bbk, isbn, book_leng, status, year, inventar, category, dateinventar, datereg, price, doc_id, place_publish) VALUES (63, 300200100162, 'Круг мыслей', 83, 0, 0, 'Искусство, Ленинградское отделение', '', '287', '?', '-', '-', 1, 1, '1972', '7588', 52, '2001-01-01', '2013-10-16', 0, 1, NULL);
INSERT INTO book (id_book, barcode_book, title, author, dopauthor, dopauthor2, publish, text, totalpages, location, bbk, isbn, book_leng, status, year, inventar, category, dateinventar, datereg, price, doc_id, place_publish) VALUES (64, 300200100163, 'Марсово Поле', 116, 0, 0, '-', '-', '39', '19.5.6', '-', '-', 1, 1, '1947', '2173', 48, '2001-01-01', '2013-10-17', 6, 1, NULL);
INSERT INTO book (id_book, barcode_book, title, author, dopauthor, dopauthor2, publish, text, totalpages, location, bbk, isbn, book_leng, status, year, inventar, category, dateinventar, datereg, price, doc_id, place_publish) VALUES (62, 300200100161, 'Энциклопедия "Театр"', 82, 0, 0, '"Олма-Пресс Образование", Москва', '', '320', '?', '85.14/Т30', '5-94849-104-4', 1, 1, '2002', '13489', 52, '2001-01-01', '2013-10-16', 0, 1, NULL);
INSERT INTO book (id_book, barcode_book, title, author, dopauthor, dopauthor2, publish, text, totalpages, location, bbk, isbn, book_leng, status, year, inventar, category, dateinventar, datereg, price, doc_id, place_publish) VALUES (68, 300200100167, '300 лет военной истории Санкт-Петербурга', 88, 0, 0, 'Славия', '-', '575', 'К', '-', '9785950100192', 1, 2, '2003', '13718', 52, '2001-01-01', '2013-10-17', 1, 1, NULL);
INSERT INTO book (id_book, barcode_book, title, author, dopauthor, dopauthor2, publish, text, totalpages, location, bbk, isbn, book_leng, status, year, inventar, category, dateinventar, datereg, price, doc_id, place_publish) VALUES (67, 300200100166, 'Знаешь ли ты свой город?', 87, 0, 0, 'Норинт', '-', '175', 'К', '63,3', '-', 1, 2, '2000', '13187', 52, '2001-01-01', '2013-10-17', 1, 1, NULL);
INSERT INTO book (id_book, barcode_book, title, author, dopauthor, dopauthor2, publish, text, totalpages, location, bbk, isbn, book_leng, status, year, inventar, category, dateinventar, datereg, price, doc_id, place_publish) VALUES (66, 300200100165, 'Русская армия 1812-1814', 86, 0, 0, 'Владос', '-', '159', 'К', '63,3', '97856910021131', 1, 2, '2000', '13003', 52, '2001-01-01', '2013-10-17', 1, 1, NULL);
INSERT INTO book (id_book, barcode_book, title, author, dopauthor, dopauthor2, publish, text, totalpages, location, bbk, isbn, book_leng, status, year, inventar, category, dateinventar, datereg, price, doc_id, place_publish) VALUES (47, 300200100146, 'Джакомо Кваренги', 65, 0, 0, 'СтройИздат', '-', '212', 'К', '-', '-', 1, 1, '1981', '9409', 52, '2001-01-01', '2013-10-15', 0, 1, NULL);
INSERT INTO book (id_book, barcode_book, title, author, dopauthor, dopauthor2, publish, text, totalpages, location, bbk, isbn, book_leng, status, year, inventar, category, dateinventar, datereg, price, doc_id, place_publish) VALUES (70, 300200100169, 'Каменный остров', 90, 0, 0, 'Центрполиграф', '-', '361', '19.5.5', '63.3', '-', 1, 1, '2010', '14935', 48, '2010-09-10', '2013-10-17', 297, 1, NULL);
INSERT INTO book (id_book, barcode_book, title, author, dopauthor, dopauthor2, publish, text, totalpages, location, bbk, isbn, book_leng, status, year, inventar, category, dateinventar, datereg, price, doc_id, place_publish) VALUES (71, 300200100170, 'На углу всех улиц', 91, 0, 0, 'Остров', '-', '131', '19.5.5', '26.89', '-', 1, 1, '2005', '14175', 48, '2006-03-02', '2013-10-17', 110, 1, NULL);
INSERT INTO book (id_book, barcode_book, title, author, dopauthor, dopauthor2, publish, text, totalpages, location, bbk, isbn, book_leng, status, year, inventar, category, dateinventar, datereg, price, doc_id, place_publish) VALUES (20, 300200100119, 'Вологда Кириллов Ферапонтово Белозерск', 37, 0, 0, 'Искусство', '-', '294', '18.?', '-', '-', 1, 1, '1969', '7229', 52, '1970-10-01', '2013-10-10', 0, 8681, NULL);
INSERT INTO book (id_book, barcode_book, title, author, dopauthor, dopauthor2, publish, text, totalpages, location, bbk, isbn, book_leng, status, year, inventar, category, dateinventar, datereg, price, doc_id, place_publish) VALUES (73, 300200100172, 'По улице Марата', 93, 0, 0, 'Центрполиграф', '-', '398', '19.5.5.', '84', '-', 1, 1, '2004', '13832', 48, '2004-12-01', '2013-10-18', 210, 26, NULL);
INSERT INTO book (id_book, barcode_book, title, author, dopauthor, dopauthor2, publish, text, totalpages, location, bbk, isbn, book_leng, status, year, inventar, category, dateinventar, datereg, price, doc_id, place_publish) VALUES (74, 300200100173, 'Сто лет Академии физической культуры им. П.Ф.Лесгафт', 94, 0, 0, 'АРС', '-', '291', '19.5.5.', '75.1', '-', 1, 1, '1996', '14849', 4, '2010-04-12', '2013-10-18', 300, 1, NULL);
INSERT INTO book (id_book, barcode_book, title, author, dopauthor, dopauthor2, publish, text, totalpages, location, bbk, isbn, book_leng, status, year, inventar, category, dateinventar, datereg, price, doc_id, place_publish) VALUES (75, 300200100174, 'Дворцовая площадь. Неформальный путеводитель', 95, 0, 0, 'ОСТРОВ', '-', '255', '19.5.5', '26.89', '-', 1, 1, '2001', '13272', 48, '2002-04-11', '2013-10-18', 105, 21, NULL);
INSERT INTO book (id_book, barcode_book, title, author, dopauthor, dopauthor2, publish, text, totalpages, location, bbk, isbn, book_leng, status, year, inventar, category, dateinventar, datereg, price, doc_id, place_publish) VALUES (76, 300200100175, 'Литейная часть. От Невы до Кирочной.', 96, 0, 0, 'Центрполиграф', '-', '408', '19.5.5', '63.3', '-', 1, 1, '2006', '14374', 48, '2007-02-08', '2013-10-18', 392, 11, NULL);
INSERT INTO book (id_book, barcode_book, title, author, dopauthor, dopauthor2, publish, text, totalpages, location, bbk, isbn, book_leng, status, year, inventar, category, dateinventar, datereg, price, doc_id, place_publish) VALUES (78, 300200100177, 'Фурштатская улица', 97, 0, 0, 'Центрполиграф', '--', '429', '19.5.5', '85.11', '-', 1, 1, '2005', '14332', 48, '2006-09-11', '2013-10-18', 240, 1, NULL);
INSERT INTO book (id_book, barcode_book, title, author, dopauthor, dopauthor2, publish, text, totalpages, location, bbk, isbn, book_leng, status, year, inventar, category, dateinventar, datereg, price, doc_id, place_publish) VALUES (79, 300200100178, 'Лермонотовские чтения 2012', 98, 0, 0, 'Лики России, Санкт-Петербург', '', '247', '?', '83.3(2Рос+Рус)/Л49', '978-5-87417-434-7', 1, 1, '2013', '0', 52, '2001-01-01', '2013-10-18', 0, 1, NULL);
INSERT INTO book (id_book, barcode_book, title, author, dopauthor, dopauthor2, publish, text, totalpages, location, bbk, isbn, book_leng, status, year, inventar, category, dateinventar, datereg, price, doc_id, place_publish) VALUES (80, 300200100179, 'Джакомо Кваренги', 33, 0, 0, 'Лениздат', '', '200', '?', '-', '-', 1, 1, '1977', '8645', 52, '2013-01-01', '2013-10-18', 0, 1, NULL);
INSERT INTO book (id_book, barcode_book, title, author, dopauthor, dopauthor2, publish, text, totalpages, location, bbk, isbn, book_leng, status, year, inventar, category, dateinventar, datereg, price, doc_id, place_publish) VALUES (82, 300200100181, 'Русский скульптор Федот Шубин', 99, 0, 0, 'Искусство, Москва', '', '102', '?', '-', '-', 1, 1, '1965', '5760', 52, '2001-01-01', '2013-10-18', 0, 1, NULL);
INSERT INTO book (id_book, barcode_book, title, author, dopauthor, dopauthor2, publish, text, totalpages, location, bbk, isbn, book_leng, status, year, inventar, category, dateinventar, datereg, price, doc_id, place_publish) VALUES (83, 300200100182, 'Иван Старов', 100, 0, 0, 'Лениздат', '', '190', '?', '-', '-', 1, 1, '1982', '9573', 52, '2013-01-01', '2013-10-18', 0, 1, NULL);
INSERT INTO book (id_book, barcode_book, title, author, dopauthor, dopauthor2, publish, text, totalpages, location, bbk, isbn, book_leng, status, year, inventar, category, dateinventar, datereg, price, doc_id, place_publish) VALUES (117, 300200100216, 'В доме Зингера и вокруг него', 136, 0, 0, 'Logos', '-', '568', '19.5.5', '84.Р7', '-', 1, 1, '2003', '13802', 48, '2004-07-29', '2013-10-25', 245, 1, NULL);
INSERT INTO book (id_book, barcode_book, title, author, dopauthor, dopauthor2, publish, text, totalpages, location, bbk, isbn, book_leng, status, year, inventar, category, dateinventar, datereg, price, doc_id, place_publish) VALUES (77, 300200100176, 'Вдоль канала Грибоедова', 397, 0, 0, 'Центрполиграф', '-', '507', '19.5.5', '63.3', '-', 1, 1, '2006', '14334', 48, '2026-09-11', '2013-10-18', 315, 1, NULL);
INSERT INTO book (id_book, barcode_book, title, author, dopauthor, dopauthor2, publish, text, totalpages, location, bbk, isbn, book_leng, status, year, inventar, category, dateinventar, datereg, price, doc_id, place_publish) VALUES (65, 300200100164, 'Шведы на берегах Невы', 283, 0, 0, 'Шведский институт', '-', '300', '19.5.6', '-', '-', 1, 1, '1998', '12868', 52, '2001-01-01', '2013-10-17', 1, 1, NULL);
INSERT INTO book (id_book, barcode_book, title, author, dopauthor, dopauthor2, publish, text, totalpages, location, bbk, isbn, book_leng, status, year, inventar, category, dateinventar, datereg, price, doc_id, place_publish) VALUES (72, 300200100171, 'Канал-работяга. Обводный и его окрестности', 397, 0, 0, 'Центрполиграф', '-', '346', '19.5.5', '63.3', '-', 1, 1, '2009', '14838', 48, '2001-01-01', '2013-10-17', 10, 1, NULL);
INSERT INTO book (id_book, barcode_book, title, author, dopauthor, dopauthor2, publish, text, totalpages, location, bbk, isbn, book_leng, status, year, inventar, category, dateinventar, datereg, price, doc_id, place_publish) VALUES (81, 300200100180, 'Невская застава', 93, 0, 0, 'Центрполиграф', '', '348', '19.5.5', '63.3', '', 1, 1, '2006', '14375', 48, '2007-02-08', '2013-10-18', 327, 1, NULL);
INSERT INTO book (id_book, barcode_book, title, author, dopauthor, dopauthor2, publish, text, totalpages, location, bbk, isbn, book_leng, status, year, inventar, category, dateinventar, datereg, price, doc_id, place_publish) VALUES (84, 300200100183, 'Захаров и Воронихин', 101, 0, 0, 'Государственное издательство литературы по строительству и архитектуре. Москва', '', '76', '?', '85.11', '-', 1, 1, '1953', '13745', 52, '2013-01-01', '2013-10-18', 0, 1, NULL);
INSERT INTO book (id_book, barcode_book, title, author, dopauthor, dopauthor2, publish, text, totalpages, location, bbk, isbn, book_leng, status, year, inventar, category, dateinventar, datereg, price, doc_id, place_publish) VALUES (85, 300200100184, 'Старо-Невский проспект', 102, 0, 0, 'Центрполиграф', '-', '476', '19.5.5', '63.3', '-', 1, 1, '2009', '14815', 48, '2010-01-27', '2013-10-18', 230, 1, NULL);
INSERT INTO book (id_book, barcode_book, title, author, dopauthor, dopauthor2, publish, text, totalpages, location, bbk, isbn, book_leng, status, year, inventar, category, dateinventar, datereg, price, doc_id, place_publish) VALUES (86, 300200100185, 'Дом у Московской заставы', 103, 0, 0, 'Папирус', '-', '38', '19.5.5', '63.3(2)', '-', 1, 1, '2002', '13630', 48, '2003-09-05', '2013-10-18', 47.6199989, 1, NULL);
INSERT INTO book (id_book, barcode_book, title, author, dopauthor, dopauthor2, publish, text, totalpages, location, bbk, isbn, book_leng, status, year, inventar, category, dateinventar, datereg, price, doc_id, place_publish) VALUES (88, 300200100187, 'Невский проспект', 105, 0, 0, 'Лениздат', '-', '207', '19.5.6', '63.3', '-', 1, 1, '1985', '10176', 48, '2001-01-01', '2013-10-18', 1, 1, NULL);
INSERT INTO book (id_book, barcode_book, title, author, dopauthor, dopauthor2, publish, text, totalpages, location, bbk, isbn, book_leng, status, year, inventar, category, dateinventar, datereg, price, doc_id, place_publish) VALUES (87, 300200100186, 'Аптекарский остров', 104, 0, 0, 'Лениздат', '-', '174', '19.5.6', '63,3', '-', 1, 1, '1988', '10733', 48, '2001-01-01', '2013-10-18', 1, 1, NULL);
INSERT INTO book (id_book, barcode_book, title, author, dopauthor, dopauthor2, publish, text, totalpages, location, bbk, isbn, book_leng, status, year, inventar, category, dateinventar, datereg, price, doc_id, place_publish) VALUES (89, 300200100188, 'Топонимика Петербурга-Петрограда второй половины 19 - начала 20 в По планам города', 106, 0, 0, 'Санкт-Петербурга', '', '354', '19.5.6', '63,3', '-', 1, 1, '2000', '13047', 48, '2001-01-01', '2013-10-18', 1, 1, NULL);
INSERT INTO book (id_book, barcode_book, title, author, dopauthor, dopauthor2, publish, text, totalpages, location, bbk, isbn, book_leng, status, year, inventar, category, dateinventar, datereg, price, doc_id, place_publish) VALUES (90, 300200100189, 'Василий Стасов', 107, 0, 0, 'Лениздат', '', '192', '?', '85.11я2/Т93', '5-289-00609-5', 1, 1, '1990', '11356', 52, '2001-01-01', '2013-10-18', 0, 1, NULL);
INSERT INTO book (id_book, barcode_book, title, author, dopauthor, dopauthor2, publish, text, totalpages, location, bbk, isbn, book_leng, status, year, inventar, category, dateinventar, datereg, price, doc_id, place_publish) VALUES (92, 300200100191, 'Тайна Санкт-Петербурга', 109, 0, 0, 'Рипол Классик', '-', '480', '19.5.6', '63,3', '-', 1, 1, '2002', '13372', 48, '2001-01-01', '2013-10-18', 0, 1, NULL);
INSERT INTO book (id_book, barcode_book, title, author, dopauthor, dopauthor2, publish, text, totalpages, location, bbk, isbn, book_leng, status, year, inventar, category, dateinventar, datereg, price, doc_id, place_publish) VALUES (93, 300200100192, 'Стрелка Васильевского Острова', 110, 0, 0, 'Искусство', '-', '70', '19.5.6', '-', '-', 1, 1, '1948', '1176', 48, '2001-01-01', '2013-10-18', 1, 1, NULL);
INSERT INTO book (id_book, barcode_book, title, author, dopauthor, dopauthor2, publish, text, totalpages, location, bbk, isbn, book_leng, status, year, inventar, category, dateinventar, datereg, price, doc_id, place_publish) VALUES (110, 300200100209, 'Я вышла из дома...Книга о Пушкинской улице и не только о ней', 126, 0, 0, 'Остров', '-', '125', '19.5.5', '26.891', '-', 1, 1, '2001', '13102', 48, '2001-08-22', '2013-10-21', 57, 1, NULL);
INSERT INTO book (id_book, barcode_book, title, author, dopauthor, dopauthor2, publish, text, totalpages, location, bbk, isbn, book_leng, status, year, inventar, category, dateinventar, datereg, price, doc_id, place_publish) VALUES (91, 300200100190, 'Дворянское гнездо', 108, 0, 0, 'Политехника', '-', '237', '19.5.5', '63.3', '-', 1, 1, '2020', '13515', 48, '2003-03-03', '2013-10-18', 476.190002, 1, NULL);
INSERT INTO book (id_book, barcode_book, title, author, dopauthor, dopauthor2, publish, text, totalpages, location, bbk, isbn, book_leng, status, year, inventar, category, dateinventar, datereg, price, doc_id, place_publish) VALUES (94, 300200100193, 'Витали. 1794-1855', 111, 112, 0, 'Искусство, Ленинград-Москва', '', '119', '?', '-', '-', 1, 1, '1960', '3824', 47, '2001-01-01', '2013-10-18', 0, 1, NULL);
INSERT INTO book (id_book, barcode_book, title, author, dopauthor, dopauthor2, publish, text, totalpages, location, bbk, isbn, book_leng, status, year, inventar, category, dateinventar, datereg, price, doc_id, place_publish) VALUES (95, 300200100194, 'Степан Степанович Пименов', 113, 0, 0, 'Искусство, Ленинград-Москва', '', '111', '?', '-', '-', 1, 1, '1958', '2848', 52, '2001-01-01', '2013-10-18', 0, 1, NULL);
INSERT INTO book (id_book, barcode_book, title, author, dopauthor, dopauthor2, publish, text, totalpages, location, bbk, isbn, book_leng, status, year, inventar, category, dateinventar, datereg, price, doc_id, place_publish) VALUES (96, 300200100195, 'Архитектор Томон', 114, 0, 0, 'Издательство Академии Архитектуры СССР, Москва', '', '165', '?', '-', '-', 1, 1, '1950', '10361', 52, '2001-01-01', '2013-10-18', 0, 1, NULL);
INSERT INTO book (id_book, barcode_book, title, author, dopauthor, dopauthor2, publish, text, totalpages, location, bbk, isbn, book_leng, status, year, inventar, category, dateinventar, datereg, price, doc_id, place_publish) VALUES (97, 300200100196, 'Театральная энциклопедия. Том.5. Табакова-Яшузхин', 115, 0, 0, 'Советская Энциклопедия', '', '1134', '24.2.2', '-', '-', 1, 1, '1967', '6616', 47, '2001-01-01', '2013-10-18', 0, 1, NULL);
INSERT INTO book (id_book, barcode_book, title, author, dopauthor, dopauthor2, publish, text, totalpages, location, bbk, isbn, book_leng, status, year, inventar, category, dateinventar, datereg, price, doc_id, place_publish) VALUES (98, 300200100197, 'Театральная энциклопедия. Тм.2. Гловацкий-Кетуракис', 115, 0, 0, 'Советская Энциклопедия, Москва', '', '1212', '24.2.2.', '-', '-', 1, 1, '1963', '4929', 47, '2001-01-01', '2013-10-18', 0, 1, NULL);
INSERT INTO book (id_book, barcode_book, title, author, dopauthor, dopauthor2, publish, text, totalpages, location, bbk, isbn, book_leng, status, year, inventar, category, dateinventar, datereg, price, doc_id, place_publish) VALUES (100, 300200100199, 'По невскому без скуки', 93, 0, 0, 'Цетрполиграф', '-', '255', '19.5.4', '84.2.6-4', '59524-0391-3', 1, 1, '2003', '13686', 48, '2001-01-01', '2013-10-21', 1, 1, NULL);
INSERT INTO book (id_book, barcode_book, title, author, dopauthor, dopauthor2, publish, text, totalpages, location, bbk, isbn, book_leng, status, year, inventar, category, dateinventar, datereg, price, doc_id, place_publish) VALUES (99, 300200100198, 'Мой Петербург', 117, 0, 0, 'Нева', '-', '216', '19.5.4', '84 Р7-5', '5875160993', 1, 1, '1998', '12465', 48, '2001-01-01', '2013-10-21', 1, 1, NULL);
INSERT INTO book (id_book, barcode_book, title, author, dopauthor, dopauthor2, publish, text, totalpages, location, bbk, isbn, book_leng, status, year, inventar, category, dateinventar, datereg, price, doc_id, place_publish) VALUES (101, 300200100200, 'Из жизни Петербурга 1890-1910-х годов', 118, 119, 0, 'Лениздат', '-', '271', '19.5.4', '63.3 (2) л6', '5-289-00906-Х', 1, 1, '1991', '11491', 48, '2001-01-01', '2013-10-21', 1, 1, NULL);
INSERT INTO book (id_book, barcode_book, title, author, dopauthor, dopauthor2, publish, text, totalpages, location, bbk, isbn, book_leng, status, year, inventar, category, dateinventar, datereg, price, doc_id, place_publish) VALUES (103, 300200100202, 'Столичный Петербург город и власть', 96, 0, 0, 'Мим-Дельта', '-', '552', '19.5.4', '63.3', '978-5-9524-4176-7', 1, 1, '2009', '14780', 48, '2001-01-01', '2013-10-21', 1, 1, NULL);
INSERT INTO book (id_book, barcode_book, title, author, dopauthor, dopauthor2, publish, text, totalpages, location, bbk, isbn, book_leng, status, year, inventar, category, dateinventar, datereg, price, doc_id, place_publish) VALUES (104, 300200100203, 'Мифология Петербурга Очерки', 122, 0, 0, 'Норинт', '-', '432', '19.5.6', '63.3', '-', 1, 1, '2000', '12841', 48, '2001-01-01', '2013-10-21', 1, 1, NULL);
INSERT INTO book (id_book, barcode_book, title, author, dopauthor, dopauthor2, publish, text, totalpages, location, bbk, isbn, book_leng, status, year, inventar, category, dateinventar, datereg, price, doc_id, place_publish) VALUES (111, 300200100210, 'Прогулки по Невскому проспекту в первой половине Х1Х века', 127, 0, 0, 'Гиперион', '-', '317', '19.5.5', '63.3', '-', 1, 1, '2002', '13292', 48, '2002-05-20', '2013-10-21', 260, 1, NULL);
INSERT INTO book (id_book, barcode_book, title, author, dopauthor, dopauthor2, publish, text, totalpages, location, bbk, isbn, book_leng, status, year, inventar, category, dateinventar, datereg, price, doc_id, place_publish) VALUES (106, 300200100205, 'По малой Садовой: путь через три столетия', 121, 0, 0, 'ЭльВАН', '-', '223', '19.5.5', '63.3', '-', 1, 1, '2003', '13587', 48, '2001-01-01', '2013-10-21', 1, 1, NULL);
INSERT INTO book (id_book, barcode_book, title, author, dopauthor, dopauthor2, publish, text, totalpages, location, bbk, isbn, book_leng, status, year, inventar, category, dateinventar, datereg, price, doc_id, place_publish) VALUES (107, 300200100206, 'Пушкинская улица', 124, 0, 0, 'КультИнформПресс', '-', '92', '19.5.5', '83', '-', 1, 1, '1999', '12588', 48, '1999-06-15', '2013-10-21', 17, 1, NULL);
INSERT INTO book (id_book, barcode_book, title, author, dopauthor, dopauthor2, publish, text, totalpages, location, bbk, isbn, book_leng, status, year, inventar, category, dateinventar, datereg, price, doc_id, place_publish) VALUES (108, 300200100207, '"Величайший и славнейший более всех градов в свете.." Град святого Петра', 125, 0, 0, 'Русско-Балтийский центр', '-', '342', '19.5.6', '63.3', '-', 1, 1, '1999', '12870', 48, '2001-01-01', '2013-10-21', 1, 1, NULL);
INSERT INTO book (id_book, barcode_book, title, author, dopauthor, dopauthor2, publish, text, totalpages, location, bbk, isbn, book_leng, status, year, inventar, category, dateinventar, datereg, price, doc_id, place_publish) VALUES (109, 300200100208, 'Мифология Петербурга Очерки', 122, 0, 0, 'Норинт', '-', '432', '19.5.6', '63.3', '-', 1, 1, '2000', '12814', 48, '2001-01-01', '2013-10-21', 1, 1, NULL);
INSERT INTO book (id_book, barcode_book, title, author, dopauthor, dopauthor2, publish, text, totalpages, location, bbk, isbn, book_leng, status, year, inventar, category, dateinventar, datereg, price, doc_id, place_publish) VALUES (116, 300200100215, 'Константиновские дворцы в пригородах Петербурга', 135, 0, 0, 'Арт-Палас', '-', '175', '19.5.5', '85.11', '-', 1, 1, '2003', '13732', 43, '2003-12-04', '2013-10-25', 233.330002, 1, NULL);
INSERT INTO book (id_book, barcode_book, title, author, dopauthor, dopauthor2, publish, text, totalpages, location, bbk, isbn, book_leng, status, year, inventar, category, dateinventar, datereg, price, doc_id, place_publish) VALUES (114, 300200100213, 'Петербург. История Торговли . Т. 1', 133, 0, 0, 'Иван Федоров', '-', '275', '21.01', '-', '-', 1, 1, '1999', '13436', 48, '2002-12-02', '2013-10-22', 2000, 329, NULL);
INSERT INTO book (id_book, barcode_book, title, author, dopauthor, dopauthor2, publish, text, totalpages, location, bbk, isbn, book_leng, status, year, inventar, category, dateinventar, datereg, price, doc_id, place_publish) VALUES (112, 300200100211, 'Битва за Ленинград в судьбах жителей города и области', 128, 129, 0, 'Издательство Санкт-Петербургского университета', '-', '374', '19.5.4', '63.3 (2) 622.72', '5-288-03719-1', 1, 1, '2005', '14110', 48, '2001-01-01', '2013-10-22', 1, 1, NULL);
INSERT INTO book (id_book, barcode_book, title, author, dopauthor, dopauthor2, publish, text, totalpages, location, bbk, isbn, book_leng, status, year, inventar, category, dateinventar, datereg, price, doc_id, place_publish) VALUES (105, 300200100204, 'Из истории Петербургских особняков', 312, 0, 0, 'Мим-Дельта', '-', '490', '19.5.6', '84.2', '-', 1, 1, '2005', '13864', 48, '2001-01-01', '2013-10-21', 1, 1, NULL);
INSERT INTO book (id_book, barcode_book, title, author, dopauthor, dopauthor2, publish, text, totalpages, location, bbk, isbn, book_leng, status, year, inventar, category, dateinventar, datereg, price, doc_id, place_publish) VALUES (115, 300200100214, 'Петроградский район', 141, 0, 0, 'Коло', '-', '582', '20.1.2', '85', '-', 1, 1, '2004', '13872', 4, '2005-05-14', '2013-10-22', 600, 88, NULL);
INSERT INTO book (id_book, barcode_book, title, author, dopauthor, dopauthor2, publish, text, totalpages, location, bbk, isbn, book_leng, status, year, inventar, category, dateinventar, datereg, price, doc_id, place_publish) VALUES (122, 300200100221, 'Петропавловская крепость. Путеводитель', 131, 0, 0, 'Лениздат', '-', '149', '19.5.5.', '-', '-', 1, 1, '1978', '8744', 48, '1978-02-01', '2013-10-28', 0.5, 1, NULL);
INSERT INTO book (id_book, barcode_book, title, author, dopauthor, dopauthor2, publish, text, totalpages, location, bbk, isbn, book_leng, status, year, inventar, category, dateinventar, datereg, price, doc_id, place_publish) VALUES (69, 300200100168, 'Монументально-декоративная Скульптура', 89, 0, 0, 'Искусство', '-', '267', 'К', '-', '-', 1, 1, '1949', '1448', 52, '2001-01-01', '2013-10-17', 1, 1, NULL);
INSERT INTO book (id_book, barcode_book, title, author, dopauthor, dopauthor2, publish, text, totalpages, location, bbk, isbn, book_leng, status, year, inventar, category, dateinventar, datereg, price, doc_id, place_publish) VALUES (143, 300200100242, 'Зимний дворец.Очерки жизни императорской резиденции', 164, 165, 166, 'Лики России', '-', '287', '19.5.5', '85.101', '-', 1, 1, '2000', '13451', 4, '2002-12-17', '2013-10-30', 2700, 1, NULL);
INSERT INTO book (id_book, barcode_book, title, author, dopauthor, dopauthor2, publish, text, totalpages, location, bbk, isbn, book_leng, status, year, inventar, category, dateinventar, datereg, price, doc_id, place_publish) VALUES (125, 300200100224, 'Дворец Великого Князя Владимира Александровича', 142, 0, 0, 'Русская классика', '-', '79', '19.5.5.', '85.11', '-', 1, 1, '2003', '13804', 48, '2004-07-20', '2013-10-28', 280, 1, NULL);
INSERT INTO book (id_book, barcode_book, title, author, dopauthor, dopauthor2, publish, text, totalpages, location, bbk, isbn, book_leng, status, year, inventar, category, dateinventar, datereg, price, doc_id, place_publish) VALUES (118, 300200100217, 'Петропавловская крепость. Страницы истории', 132, 0, 0, 'Арт-Палас', '-', '416', '19.5.5', '85.101', '-', 1, 1, '2001', '13339', 48, '2002-07-03', '2013-10-25', 307, 1, NULL);
INSERT INTO book (id_book, barcode_book, title, author, dopauthor, dopauthor2, publish, text, totalpages, location, bbk, isbn, book_leng, status, year, inventar, category, dateinventar, datereg, price, doc_id, place_publish) VALUES (119, 300200100218, 'Усадьбы и дачи петербургской интеллигенции ХУШ-начала ХХ века', 137, 0, 0, 'Паритет', '-', '368', '19.5.5', '63.3', '-', 1, 1, '2008', '14853', 43, '2010-04-12', '2013-10-25', 381, 1, NULL);
INSERT INTO book (id_book, barcode_book, title, author, dopauthor, dopauthor2, publish, text, totalpages, location, bbk, isbn, book_leng, status, year, inventar, category, dateinventar, datereg, price, doc_id, place_publish) VALUES (121, 300200100220, 'Новая Голландия. История  острова', 139, 0, 0, 'Бельведер', '-', '85', '19.5.5', '63.3', '', 1, 1, '2005', '14185', 48, '2006-03-02', '2013-10-28', 150, 1, NULL);
INSERT INTO book (id_book, barcode_book, title, author, dopauthor, dopauthor2, publish, text, totalpages, location, bbk, isbn, book_leng, status, year, inventar, category, dateinventar, datereg, price, doc_id, place_publish) VALUES (123, 300200100222, 'Петропавловская крепость', 131, 140, 0, 'Лениздат', '-', '150', '19.5.5', '-', '-', 1, 1, '1972', '7658', 48, '1972-02-01', '2013-10-28', 0.529999971, 1, NULL);
INSERT INTO book (id_book, barcode_book, title, author, dopauthor, dopauthor2, publish, text, totalpages, location, bbk, isbn, book_leng, status, year, inventar, category, dateinventar, datereg, price, doc_id, place_publish) VALUES (124, 300200100223, 'Петроградский район. Памятники архитектуры и истории СПб', 141, 0, 0, 'Коло', '-', '582', '20.04.04', '85', '-', 1, 1, '2004', '13872', 39, '2005-05-14', '2013-10-28', 600, 1, NULL);
INSERT INTO book (id_book, barcode_book, title, author, dopauthor, dopauthor2, publish, text, totalpages, location, bbk, isbn, book_leng, status, year, inventar, category, dateinventar, datereg, price, doc_id, place_publish) VALUES (126, 300200100225, 'Санкт-Петербург. Образы пространства', 143, 0, 0, 'Ивана Лимбаха', '-', '229', '19.5.5.', '85.103', '-', 1, 1, '2004', '14170', 4, '2005-11-01', '2013-10-28', 300, 1, NULL);
INSERT INTO book (id_book, barcode_book, title, author, dopauthor, dopauthor2, publish, text, totalpages, location, bbk, isbn, book_leng, status, year, inventar, category, dateinventar, datereg, price, doc_id, place_publish) VALUES (127, 300200100226, 'Петербург до Петербурга. История устья Невы до основания города Петра', 144, 0, 0, 'Европейский дом', '-', '127', '19.5.5', '26.851', '-', 1, 1, '2000', '13101', 48, '2000-02-01', '2013-10-28', 139, 1, NULL);
INSERT INTO book (id_book, barcode_book, title, author, dopauthor, dopauthor2, publish, text, totalpages, location, bbk, isbn, book_leng, status, year, inventar, category, dateinventar, datereg, price, doc_id, place_publish) VALUES (128, 300200100227, 'Петербургские сфинксы. Солнце Египта на берегах Невы на', 145, 0, 0, 'Нева', '-', '301', '20. 4.5', '85.13', '-', 1, 1, '2005', '14183', 40, '2006-03-02', '2013-10-28', 400, 1, NULL);
INSERT INTO book (id_book, barcode_book, title, author, dopauthor, dopauthor2, publish, text, totalpages, location, bbk, isbn, book_leng, status, year, inventar, category, dateinventar, datereg, price, doc_id, place_publish) VALUES (129, 300200100228, 'Санкт-Петербург 1703-1917', 146, 0, 0, 'Глагол', '-', '460', '19.5.5', '85.113', '-', 1, 1, '2000', '12767', 4, '2000-04-02', '2013-10-29', 55, 1, NULL);
INSERT INTO book (id_book, barcode_book, title, author, dopauthor, dopauthor2, publish, text, totalpages, location, bbk, isbn, book_leng, status, year, inventar, category, dateinventar, datereg, price, doc_id, place_publish) VALUES (132, 300200100231, 'Юный град. Петербург времен Петра Великого', 151, 0, 0, 'Дмитрий Буланин', '-', '363', '19.5.5', '63.3', '-', 1, 1, '2003', '13599', 48, '2003-06-21', '2013-10-29', 264, 1, NULL);
INSERT INTO book (id_book, barcode_book, title, author, dopauthor, dopauthor2, publish, text, totalpages, location, bbk, isbn, book_leng, status, year, inventar, category, dateinventar, datereg, price, doc_id, place_publish) VALUES (133, 300200100232, 'Кваренги', 152, 0, 0, 'ГЭ', '-', '198', '20.5.4', '85.11', '-', 1, 1, '1962', '13302', 39, '2002-04-26', '2013-10-29', 400, 1, NULL);
INSERT INTO book (id_book, barcode_book, title, author, dopauthor, dopauthor2, publish, text, totalpages, location, bbk, isbn, book_leng, status, year, inventar, category, dateinventar, datereg, price, doc_id, place_publish) VALUES (134, 300200100233, 'Атлас тринадцати частей С. Петербурга85.11', 153, 0, 0, 'Центрполиграф', '-', '862', '19.5.5', '85.11', '-', 1, 1, '2003', '13697', 39, '2003-12-04', '2013-10-29', 1857.14001, 1, NULL);
INSERT INTO book (id_book, barcode_book, title, author, dopauthor, dopauthor2, publish, text, totalpages, location, bbk, isbn, book_leng, status, year, inventar, category, dateinventar, datereg, price, doc_id, place_publish) VALUES (135, 300200100234, 'Петром основанный прекраснейший сей град... ', 147, 0, 0, 'Тригон', '-', '592', '19.5.5', '63.3', '-', 1, 1, '2003', '13792', 48, '2004-07-29', '2013-10-29', 225, 1, NULL);
INSERT INTO book (id_book, barcode_book, title, author, dopauthor, dopauthor2, publish, text, totalpages, location, bbk, isbn, book_leng, status, year, inventar, category, dateinventar, datereg, price, doc_id, place_publish) VALUES (136, 300200100235, 'Несчастья невских берегов. Из истории петербургских наводнений', 154, 0, 0, 'Центрполиграф', '-', '430', '19.5.5', '63.3', '-', 1, 1, '2009', '14843', 48, '2010-04-12', '2013-10-29', 206, 1, NULL);
INSERT INTO book (id_book, barcode_book, title, author, dopauthor, dopauthor2, publish, text, totalpages, location, bbk, isbn, book_leng, status, year, inventar, category, dateinventar, datereg, price, doc_id, place_publish) VALUES (137, 300200100236, 'Петропавловская крепость', 155, 0, 0, 'Художник РСФСР', '-', '127', '19.5.5', '-', '-', 1, 1, '1971', '7558', 48, '1971-04-23', '2013-10-29', 1.91999996, 1, NULL);
INSERT INTO book (id_book, barcode_book, title, author, dopauthor, dopauthor2, publish, text, totalpages, location, bbk, isbn, book_leng, status, year, inventar, category, dateinventar, datereg, price, doc_id, place_publish) VALUES (138, 300200100237, 'Легенды и мифы пригородов Санкт-Петербурга', 122, 0, 0, 'Норинт', '-', '208', '19.5.5', '63.3', '-', 1, 1, '2001', '13190', 43, '2001-11-14', '2013-10-30', 93, 1, NULL);
INSERT INTO book (id_book, barcode_book, title, author, dopauthor, dopauthor2, publish, text, totalpages, location, bbk, isbn, book_leng, status, year, inventar, category, dateinventar, datereg, price, doc_id, place_publish) VALUES (139, 300200100238, 'Юсуповский дворец. Дворянские особняки', 157, 0, 0, 'Арт-Палас', '-', '381', '19.5.5', '63.3', '-', 1, 1, '2002', '13532', 48, '2003-03-03', '2013-10-30', 314.290009, 1, NULL);
INSERT INTO book (id_book, barcode_book, title, author, dopauthor, dopauthor2, publish, text, totalpages, location, bbk, isbn, book_leng, status, year, inventar, category, dateinventar, datereg, price, doc_id, place_publish) VALUES (140, 300200100239, 'Петербург-морская столица России', 158, 159, 0, 'Михайлов В.А.', '-', '160', '19.5.5', '71.05', '-', 1, 1, '2003', '13726', 4, '2003-12-04', '2013-10-30', 1142.85999, 1, NULL);
INSERT INTO book (id_book, barcode_book, title, author, dopauthor, dopauthor2, publish, text, totalpages, location, bbk, isbn, book_leng, status, year, inventar, category, dateinventar, datereg, price, doc_id, place_publish) VALUES (141, 300200100240, 'Санкт-Петербург. Хроника трех столетий', 160, 161, 0, 'Нева', '-', '720', '19.5.5', '63.3', '-', 1, 1, '2003', '13541', 4, '2003-05-28', '2013-10-30', 588, 1, NULL);
INSERT INTO book (id_book, barcode_book, title, author, dopauthor, dopauthor2, publish, text, totalpages, location, bbk, isbn, book_leng, status, year, inventar, category, dateinventar, datereg, price, doc_id, place_publish) VALUES (142, 300200100241, 'Перспективы Петербурга', 162, 163, 0, 'Фонтанка', '-', '320', '19.5.5.', '63.3', '-', 1, 1, '2003', '14182', 4, '2006-03-02', '2013-10-30', 1000, 1, NULL);
INSERT INTO book (id_book, barcode_book, title, author, dopauthor, dopauthor2, publish, text, totalpages, location, bbk, isbn, book_leng, status, year, inventar, category, dateinventar, datereg, price, doc_id, place_publish) VALUES (144, 300200100243, 'Дворец Меншикова.', 167, 168, 0, 'Советский художник', '-', '218', '19.5.5', '-', '-', 1, 1, '1986', '10381', 4, '1986-08-19', '2013-10-30', 15.3999996, 1, NULL);
INSERT INTO book (id_book, barcode_book, title, author, dopauthor, dopauthor2, publish, text, totalpages, location, bbk, isbn, book_leng, status, year, inventar, category, dateinventar, datereg, price, doc_id, place_publish) VALUES (145, 300200100244, 'На языке улиц', 122, 0, 0, 'Центрполиграф', '-', '262', '19.5.5', '63.3', '-', 1, 1, '2006', '14373', 48, '2007-02-08', '2013-10-30', 392, 1, NULL);
INSERT INTO book (id_book, barcode_book, title, author, dopauthor, dopauthor2, publish, text, totalpages, location, bbk, isbn, book_leng, status, year, inventar, category, dateinventar, datereg, price, doc_id, place_publish) VALUES (146, 300200100245, 'Невский край', 146, 169, 0, 'Глагол', '-', '255', '19.5.5', '33', '-', 1, 1, '2000', '12757', 43, '2000-01-20', '2013-10-30', 0, 1, NULL);
INSERT INTO book (id_book, barcode_book, title, author, dopauthor, dopauthor2, publish, text, totalpages, location, bbk, isbn, book_leng, status, year, inventar, category, dateinventar, datereg, price, doc_id, place_publish) VALUES (149, 300200100248, 'Легенды и мифы Санкт-Петербурга', 122, 0, 0, 'АО "Иван Федоров"', '-', '241', '19.5.5', '84.09', '-', 1, 1, '1996', '12075', 48, '1996-07-12', '2013-10-30', 35, 1, NULL);
INSERT INTO book (id_book, barcode_book, title, author, dopauthor, dopauthor2, publish, text, totalpages, location, bbk, isbn, book_leng, status, year, inventar, category, dateinventar, datereg, price, doc_id, place_publish) VALUES (147, 300200100246, 'Словарь петербуржца', 122, 0, 0, 'Норинт', '-', '316', '19.5.5', '63.3', '-', 1, 1, '2002', '13398', 48, '2002-10-18', '2013-10-30', 55, 1, NULL);
INSERT INTO book (id_book, barcode_book, title, author, dopauthor, dopauthor2, publish, text, totalpages, location, bbk, isbn, book_leng, status, year, inventar, category, dateinventar, datereg, price, doc_id, place_publish) VALUES (120, 300200100219, 'Моховая улица', 97, 293, 0, 'Центрполиграф', '-', '344', '19.5.5', '84', '-', 1, 1, '2004', '13785', 48, '2004-07-29', '2013-10-28', 150, 1, NULL);
INSERT INTO book (id_book, barcode_book, title, author, dopauthor, dopauthor2, publish, text, totalpages, location, bbk, isbn, book_leng, status, year, inventar, category, dateinventar, datereg, price, doc_id, place_publish) VALUES (148, 300200100247, 'Улица Большая Конюшенная', 141, 0, 0, 'Центрполиграф', '-', '182 ', '19.5.5', '85.11', '-', 1, 1, '2003', '13793', 39, '2004-07-29', '2013-10-30', 85, 1, NULL);
INSERT INTO book (id_book, barcode_book, title, author, dopauthor, dopauthor2, publish, text, totalpages, location, bbk, isbn, book_leng, status, year, inventar, category, dateinventar, datereg, price, doc_id, place_publish) VALUES (150, 300200100249, 'Быт и население Санкт-Петербурга (ХУШ век)', 60, 0, 0, 'БЛИЦ', '-', '227', '19.5.5', '84', '-', 1, 1, '1998', '12416', 48, '1998-04-12', '2013-10-30', 23, 1, NULL);
INSERT INTO book (id_book, barcode_book, title, author, dopauthor, dopauthor2, publish, text, totalpages, location, bbk, isbn, book_leng, status, year, inventar, category, dateinventar, datereg, price, doc_id, place_publish) VALUES (153, 300200100252, 'Прогулки по рекам и каналам Санкт-Петербурга. ПутеводительПе', 170, 171, 0, 'Паритет', '-', '256', '19.5.4', '-', '-', 1, 1, '2004', '13830', 48, '2004-12-01', '2013-10-31', 60, 1, NULL);
INSERT INTO book (id_book, barcode_book, title, author, dopauthor, dopauthor2, publish, text, totalpages, location, bbk, isbn, book_leng, status, year, inventar, category, dateinventar, datereg, price, doc_id, place_publish) VALUES (151, 300200100250, 'Петербургский фольклор', 122, 0, 0, 'Максима', '-', '440', '19.5.5', '82.3Р', '-', 1, 1, '1994', '11840', 0, '1994-08-11', '2013-10-30', 10, 1, NULL);
INSERT INTO book (id_book, barcode_book, title, author, dopauthor, dopauthor2, publish, text, totalpages, location, bbk, isbn, book_leng, status, year, inventar, category, dateinventar, datereg, price, doc_id, place_publish) VALUES (155, 300200100254, 'Петербург Серебряного века. Быт и нравы', 173, 0, 0, 'Центрполиграф', '-', '363', '19.5.4', '63.3', '-', 1, 1, '2007', '14589', 4, '2008-07-01', '2013-10-31', 315, 1, NULL);
INSERT INTO book (id_book, barcode_book, title, author, dopauthor, dopauthor2, publish, text, totalpages, location, bbk, isbn, book_leng, status, year, inventar, category, dateinventar, datereg, price, doc_id, place_publish) VALUES (157, 300200100256, 'Сборник исследований и материалов Военно-исторического музея артиллерии, инженерных войск и войск связи', 174, 0, 0, 'ВИМАИВиВС', '-', '452', '19.5.4', '85.101', '-', 1, 1, '2006', '14698', 4, '2009-04-21', '2013-10-31', 190, 1, NULL);
INSERT INTO book (id_book, barcode_book, title, author, dopauthor, dopauthor2, publish, text, totalpages, location, bbk, isbn, book_leng, status, year, inventar, category, dateinventar, datereg, price, doc_id, place_publish) VALUES (154, 300200100253, 'Петербург-секунды истории', 172, 0, 0, 'Искусство-СПб', '-', '552', '19.5.4', '63.3', '-', 1, 1, '2007', '14645', 4, '2008-04-07', '2013-10-31', 375, 1, NULL);
INSERT INTO book (id_book, barcode_book, title, author, dopauthor, dopauthor2, publish, text, totalpages, location, bbk, isbn, book_leng, status, year, inventar, category, dateinventar, datereg, price, doc_id, place_publish) VALUES (158, 300200100257, 'Миг вечности. Музеи Санкт-Петербурга в потоке времени', 176, 0, 0, 'Логос', '-', '430', '19.5.4', '63.3', '-', 1, 1, '2005', '15130', 0, '2011-06-29', '2013-10-31', 336, 1, NULL);
INSERT INTO book (id_book, barcode_book, title, author, dopauthor, dopauthor2, publish, text, totalpages, location, bbk, isbn, book_leng, status, year, inventar, category, dateinventar, datereg, price, doc_id, place_publish) VALUES (159, 300200100258, '300+300 биографий. Биографичкский словарь', 177, 0, 0, 'Маркграф', '-', '317', '19.5.4', '63.3', '-', 1, 1, '2004', '13874', 47, '2005-05-14', '2013-10-31', 3170, 1, NULL);
INSERT INTO book (id_book, barcode_book, title, author, dopauthor, dopauthor2, publish, text, totalpages, location, bbk, isbn, book_leng, status, year, inventar, category, dateinventar, datereg, price, doc_id, place_publish) VALUES (160, 300200100259, 'Петербург, где все гармония, все-диво и жизнь кипит... ', 139, 0, 0, 'Техприбор', '-', '270', '19.5.4', '63.3', '-', 1, 1, '2003', '13831', 4, '2004-12-01', '2013-10-31', 135, 1, NULL);
INSERT INTO book (id_book, barcode_book, title, author, dopauthor, dopauthor2, publish, text, totalpages, location, bbk, isbn, book_leng, status, year, inventar, category, dateinventar, datereg, price, doc_id, place_publish) VALUES (162, 300200100261, 'Пионерская площадь', 141, 180, 0, 'Лениздат', '-', '110', '19.5.4', '-', '-', 1, 1, '1983', '9780', 48, '1983-07-09', '2013-10-31', 0.400000006, 1, NULL);
INSERT INTO book (id_book, barcode_book, title, author, dopauthor, dopauthor2, publish, text, totalpages, location, bbk, isbn, book_leng, status, year, inventar, category, dateinventar, datereg, price, doc_id, place_publish) VALUES (156, 300200100255, 'По Петербургу на метро. Подземные маршруты Северной столицы', 137, 0, 0, 'Центрполиграф', '-', '347', '19.5.4', '63.3', '-', 1, 1, '2009', '14845', 4, '2010-04-12', '2013-10-31', 226, 1, NULL);
INSERT INTO book (id_book, barcode_book, title, author, dopauthor, dopauthor2, publish, text, totalpages, location, bbk, isbn, book_leng, status, year, inventar, category, dateinventar, datereg, price, doc_id, place_publish) VALUES (161, 300200100260, 'Московский проспект', 179, 0, 0, 'Лениздат', '-', '140', '19.5.4', '-', '-', 1, 1, '1986', '10207', 48, '1986-01-10', '2013-10-31', 0.5, 1, NULL);
INSERT INTO book (id_book, barcode_book, title, author, dopauthor, dopauthor2, publish, text, totalpages, location, bbk, isbn, book_leng, status, year, inventar, category, dateinventar, datereg, price, doc_id, place_publish) VALUES (164, 300200100263, 'Аничков мост', 182, 0, 0, 'Лениздат', '-', '46', '19.5.4', '-', '-', 1, 1, '1973', '7920', 48, '1973-09-07', '2013-10-31', 0.159999996, 1, NULL);
INSERT INTO book (id_book, barcode_book, title, author, dopauthor, dopauthor2, publish, text, totalpages, location, bbk, isbn, book_leng, status, year, inventar, category, dateinventar, datereg, price, doc_id, place_publish) VALUES (165, 300200100264, 'Литераторские мостки', 183, 0, 0, 'Лениздат', '-', '42', '19.5.4', '-', '-', 1, 1, '1965', '5724', 48, '1965-07-05', '2013-10-31', 0.0399999991, 1, NULL);
INSERT INTO book (id_book, barcode_book, title, author, dopauthor, dopauthor2, publish, text, totalpages, location, bbk, isbn, book_leng, status, year, inventar, category, dateinventar, datereg, price, doc_id, place_publish) VALUES (167, 300200100266, 'Скульптура и рисунки скульпторов конка Х1Х-начала ХХ века. Каталог ГТГ', 185, 0, 0, 'Советский художник', '-', '637', '20.6.5', '-', '-', 1, 1, '1977', '8787', 42, '1977-09-21', '2013-11-01', 0, 1, NULL);
INSERT INTO book (id_book, barcode_book, title, author, dopauthor, dopauthor2, publish, text, totalpages, location, bbk, isbn, book_leng, status, year, inventar, category, dateinventar, datereg, price, doc_id, place_publish) VALUES (168, 300200100267, 'Советское ис-во в ГТГ', 186, 0, 0, 'Советский художник1', '-', '264', '20.6.5', '-', '-', 1, 1, '1967', '6668', 42, '1967-06-09', '2013-11-01', 1.55999994, 1, NULL);
INSERT INTO book (id_book, barcode_book, title, author, dopauthor, dopauthor2, publish, text, totalpages, location, bbk, isbn, book_leng, status, year, inventar, category, dateinventar, datereg, price, doc_id, place_publish) VALUES (169, 300200100268, 'Шадр. Избранные произведения', 187, 0, 0, 'Советский художник', '-', '13', '20.6.5', '-', '-', 1, 1, '1957', '2648', 42, '1957-04-02', '2013-11-01', 10.75, 1, NULL);
INSERT INTO book (id_book, barcode_book, title, author, dopauthor, dopauthor2, publish, text, totalpages, location, bbk, isbn, book_leng, status, year, inventar, category, dateinventar, datereg, price, doc_id, place_publish) VALUES (170, 300200100269, 'И.Д.Шадр', 188, 0, 0, 'Искусство', '-', '104', '20.6.5', '-', '-', 1, 1, '1954', '2074', 42, '1954-07-02', '2013-11-01', 22.5, 1, NULL);
INSERT INTO book (id_book, barcode_book, title, author, dopauthor, dopauthor2, publish, text, totalpages, location, bbk, isbn, book_leng, status, year, inventar, category, dateinventar, datereg, price, doc_id, place_publish) VALUES (163, 300200100262, 'Рассказы о Карамзинской общественской библиотеке', 181, 0, 0, 'Печатный двор', '-', '158', '20', '78.34', '-', 1, 1, '2008', '14661', 49, '2009-04-07', '2013-10-31', 90.9100037, 1, NULL);
INSERT INTO book (id_book, barcode_book, title, author, dopauthor, dopauthor2, publish, text, totalpages, location, bbk, isbn, book_leng, status, year, inventar, category, dateinventar, datereg, price, doc_id, place_publish) VALUES (172, 300200100271, 'Вечное пламя. Памятник борцам революции на Марсовом поле', 189, 0, 0, 'Лениздат', '-', '38 ', '19.5.4', '-', '-', 1, 1, '1965', '6001', 48, '1965-08-09', '2013-11-01', 3, 1, NULL);
INSERT INTO book (id_book, barcode_book, title, author, dopauthor, dopauthor2, publish, text, totalpages, location, bbk, isbn, book_leng, status, year, inventar, category, dateinventar, datereg, price, doc_id, place_publish) VALUES (173, 300200100272, 'Архитектурные ансамбли Ленинграда', 65, 0, 0, 'Академии архитектуры СССР', '-', '129', '19.5.4.', '-', '-', 1, 1, '1946', '620', 39, '1946-12-09', '2013-11-01', 7.5, 1, NULL);
INSERT INTO book (id_book, barcode_book, title, author, dopauthor, dopauthor2, publish, text, totalpages, location, bbk, isbn, book_leng, status, year, inventar, category, dateinventar, datereg, price, doc_id, place_publish) VALUES (174, 300200100273, 'Пенаты. Музей-усадьба И.Е.Репина', 190, 0, 0, 'Лениздат', '-', '40', '19.5.4', '-', '-', 1, 1, '1965', '6089', 43, '1965-06-01', '2013-11-01', 4, 1, NULL);
INSERT INTO book (id_book, barcode_book, title, author, dopauthor, dopauthor2, publish, text, totalpages, location, bbk, isbn, book_leng, status, year, inventar, category, dateinventar, datereg, price, doc_id, place_publish) VALUES (175, 300200100274, 'Ботанический сад', 183, 0, 0, 'Лениздат', '-', '66', '19.5.4', '-', '-', 1, 1, '1966', '6250', 48, '1966-06-09', '2013-11-01', 6, 1, NULL);
INSERT INTO book (id_book, barcode_book, title, author, dopauthor, dopauthor2, publish, text, totalpages, location, bbk, isbn, book_leng, status, year, inventar, category, dateinventar, datereg, price, doc_id, place_publish) VALUES (176, 300200100275, 'Лесной:исчезнувший мир. Очерки петербургского предместья', 173, 178, 0, 'Центрполиграф', '-', '429', '19.5.6', '63.3', '-', 1, 1, '2011', '15146', 48, '2011-09-16', '2013-11-01', 400, 1, NULL);
INSERT INTO book (id_book, barcode_book, title, author, dopauthor, dopauthor2, publish, text, totalpages, location, bbk, isbn, book_leng, status, year, inventar, category, dateinventar, datereg, price, doc_id, place_publish) VALUES (171, 300200100270, 'Памятник В.И.Ленину в ЗАГЭСе. Скульптура Шадра', 188, 0, 0, 'Искусство', '-', '34', '20.6.5', '-', '-', 1, 1, '1964', '5387', 42, '1964-03-05', '2013-11-01', 0.5, 1, NULL);
INSERT INTO book (id_book, barcode_book, title, author, dopauthor, dopauthor2, publish, text, totalpages, location, bbk, isbn, book_leng, status, year, inventar, category, dateinventar, datereg, price, doc_id, place_publish) VALUES (178, 300200100277, 'Сестрорецк', 192, 0, 0, 'Лениздат', '-', '49', '19.5.4', '-', '-', 1, 1, '1965', '5831', 43, '1965-08-05', '2013-11-01', 4, 1, NULL);
INSERT INTO book (id_book, barcode_book, title, author, dopauthor, dopauthor2, publish, text, totalpages, location, bbk, isbn, book_leng, status, year, inventar, category, dateinventar, datereg, price, doc_id, place_publish) VALUES (179, 300200100278, 'Ленинградская филармония', 190, 0, 0, 'Лениздат', '-', '46', '19.5.6', '-', '-', 1, 1, '1965', '5758', 0, '1965-09-07', '2013-11-01', 0, 1, NULL);
INSERT INTO book (id_book, barcode_book, title, author, dopauthor, dopauthor2, publish, text, totalpages, location, bbk, isbn, book_leng, status, year, inventar, category, dateinventar, datereg, price, doc_id, place_publish) VALUES (180, 300200100279, 'Капелла', 190, 0, 0, 'Лениздат', '-', '60', '19.5.6.', '-', '-', 1, 1, '1972', '7662', 48, '1972-06-07', '2013-11-01', 1972, 1, NULL);
INSERT INTO book (id_book, barcode_book, title, author, dopauthor, dopauthor2, publish, text, totalpages, location, bbk, isbn, book_leng, status, year, inventar, category, dateinventar, datereg, price, doc_id, place_publish) VALUES (181, 300200100280, 'Гавань', 193, 0, 0, 'Лениздат', '-', '36', '19.5.4', '-', '-', 1, 1, '1965', '5995', 48, '1965-09-05', '2013-11-01', 3, 1, NULL);
INSERT INTO book (id_book, barcode_book, title, author, dopauthor, dopauthor2, publish, text, totalpages, location, bbk, isbn, book_leng, status, year, inventar, category, dateinventar, datereg, price, doc_id, place_publish) VALUES (182, 300200100281, 'Ленинградский морской порт', 194, 0, 0, 'Лениздат', '-', '62', '19.5.4', '-', '-', 1, 1, '1966', '6113', 48, '1966-11-09', '2013-11-01', 5, 1, NULL);
INSERT INTO book (id_book, barcode_book, title, author, dopauthor, dopauthor2, publish, text, totalpages, location, bbk, isbn, book_leng, status, year, inventar, category, dateinventar, datereg, price, doc_id, place_publish) VALUES (183, 300200100282, 'Дворцы царских фаворитов в Санкт-Петербурге', 195, 0, 0, 'Глагол', '-', '160 ', '19.5.4', '85.13', '-', 1, 1, '2006', '14327', 39, '2006-09-11', '2013-11-01', 125, 1, NULL);
INSERT INTO book (id_book, barcode_book, title, author, dopauthor, dopauthor2, publish, text, totalpages, location, bbk, isbn, book_leng, status, year, inventar, category, dateinventar, datereg, price, doc_id, place_publish) VALUES (184, 300200100283, 'Петербургские маршруты', 196, 0, 0, 'Искусство-СПб', '-', '407', '19.5.4', '85.11', '-', 1, 1, '2006', '14290', 39, '2006-06-22', '2013-11-01', 160, 1, NULL);
INSERT INTO book (id_book, barcode_book, title, author, dopauthor, dopauthor2, publish, text, totalpages, location, bbk, isbn, book_leng, status, year, inventar, category, dateinventar, datereg, price, doc_id, place_publish) VALUES (185, 300200100284, 'Петербургское купечество в Х1Х веке', 127, 0, 0, 'Гиперион', '-', '352', '19.5.4', '63.3', '-', 1, 1, '2003', '13498', 48, '2003-02-14', '2013-11-05', 139, 1, NULL);
INSERT INTO book (id_book, barcode_book, title, author, dopauthor, dopauthor2, publish, text, totalpages, location, bbk, isbn, book_leng, status, year, inventar, category, dateinventar, datereg, price, doc_id, place_publish) VALUES (177, 300200100276, 'Крепость "Орешек"', 191, 0, 0, 'Лениздат', '-', '77', '19.5.6', '-', '-', 1, 1, '1967', '6679', 43, '1967-06-06', '2013-11-01', 6, 1, NULL);
INSERT INTO book (id_book, barcode_book, title, author, dopauthor, dopauthor2, publish, text, totalpages, location, bbk, isbn, book_leng, status, year, inventar, category, dateinventar, datereg, price, doc_id, place_publish) VALUES (186, 300200100285, 'Собор на Владимирской и храмы Придворной слободы', 197, 198, 0, 'Паритет', '-', '256', '19.5.4.', '85.11', '-', 1, 1, '2004', '13790', 39, '2004-07-29', '2013-11-05', 90, 1, NULL);
INSERT INTO book (id_book, barcode_book, title, author, dopauthor, dopauthor2, publish, text, totalpages, location, bbk, isbn, book_leng, status, year, inventar, category, dateinventar, datereg, price, doc_id, place_publish) VALUES (187, 300200100286, 'По Балтийской железной дороге от Петербурга до Гатчины', 199, 0, 0, 'Остров', '-', '149', '19.5.4', '63.3', '-', 1, 1, '2004', '13790', 48, '2004-07-29', '2013-11-05', 115, 1, NULL);
INSERT INTO book (id_book, barcode_book, title, author, dopauthor, dopauthor2, publish, text, totalpages, location, bbk, isbn, book_leng, status, year, inventar, category, dateinventar, datereg, price, doc_id, place_publish) VALUES (188, 300200100287, 'Зеленый зал. Альманах', 200, 0, 0, 'Институт истории искусств', '-', '179', '19.5.4', '85я43', '-', 1, 1, '2008', '14650', 48, '2009-04-07', '2013-11-05', 130, 1, NULL);
INSERT INTO book (id_book, barcode_book, title, author, dopauthor, dopauthor2, publish, text, totalpages, location, bbk, isbn, book_leng, status, year, inventar, category, dateinventar, datereg, price, doc_id, place_publish) VALUES (190, 300200100289, 'Музей М.В.Ломоносова в Ленинграде', 203, 0, 0, 'Наука', '-', '70', '19.5.6', '-', '-', 1, 1, '1976', '7695', 0, '1972-10-21', '2013-11-05', 0.300000012, 1, NULL);
INSERT INTO book (id_book, barcode_book, title, author, dopauthor, dopauthor2, publish, text, totalpages, location, bbk, isbn, book_leng, status, year, inventar, category, dateinventar, datereg, price, doc_id, place_publish) VALUES (191, 300200100290, 'Никольский морской собор и другие морские храмы Санкт-Петербурга', 197, 204, 0, 'Паритет', '-', '256', '19.5.5', '85.11', '-', 1, 1, '2003', '13624', 48, '2003-09-05', '2013-11-05', 76, 1, NULL);
INSERT INTO book (id_book, barcode_book, title, author, dopauthor, dopauthor2, publish, text, totalpages, location, bbk, isbn, book_leng, status, year, inventar, category, dateinventar, datereg, price, doc_id, place_publish) VALUES (192, 300200100291, 'Голландская реформатская церковь в Санкт-Петербурге (1717-1927)', 205, 0, 0, 'Блиц', '-', '184', '19.5.5', '63.3', '-', 1, 1, '2001', '13391', 48, '2002-10-18', '2013-11-05', 90, 1, NULL);
INSERT INTO book (id_book, barcode_book, title, author, dopauthor, dopauthor2, publish, text, totalpages, location, bbk, isbn, book_leng, status, year, inventar, category, dateinventar, datereg, price, doc_id, place_publish) VALUES (193, 300200100292, 'Музей семьи Бенуа. Музей-заповедник Петергоф', 206, 0, 0, 'ГМЗ "Петергоф"', '-', '42', '19.5.4', '85.14', '-', 1, 1, '2008', '14731', 43, '2009-07-01', '2013-11-05', 190, 1, NULL);
INSERT INTO book (id_book, barcode_book, title, author, dopauthor, dopauthor2, publish, text, totalpages, location, bbk, isbn, book_leng, status, year, inventar, category, dateinventar, datereg, price, doc_id, place_publish) VALUES (194, 300200100293, 'Казанская площадь', 207, 0, 0, 'Лениздат', '-', '158', '19.5.4', '-', '-', 1, 1, '1988', '10851', 48, '1988-08-18', '2013-11-05', 0.5, 1, NULL);
INSERT INTO book (id_book, barcode_book, title, author, dopauthor, dopauthor2, publish, text, totalpages, location, bbk, isbn, book_leng, status, year, inventar, category, dateinventar, datereg, price, doc_id, place_publish) VALUES (195, 300200100294, 'На крыльях Меркурия. Из истории торгово-банковской жизни Петербурга', 208, 0, 0, 'Книжный мир', '-', '205', '19.5.4', '85.11', '-', 1, 1, '2004', '13796', 4, '2004-07-29', '2013-11-05', 170, 1, NULL);
INSERT INTO book (id_book, barcode_book, title, author, dopauthor, dopauthor2, publish, text, totalpages, location, bbk, isbn, book_leng, status, year, inventar, category, dateinventar, datereg, price, doc_id, place_publish) VALUES (196, 300200100295, 'Скульптурный Олимп Петербурга', 209, 0, 0, '     Искусство-СПб', '-', '252', '20.2.3', '85.13', '-', 1, 1, '2000', '12825', 40, '2000-08-12', '2013-11-05', 29, 1, NULL);
INSERT INTO book (id_book, barcode_book, title, author, dopauthor, dopauthor2, publish, text, totalpages, location, bbk, isbn, book_leng, status, year, inventar, category, dateinventar, datereg, price, doc_id, place_publish) VALUES (197, 300200100296, 'Летний сад', 210, 0, 0, 'Искусство', '-', '141', '20.3.3', '', '-', 1, 1, '1978', '8725', 4, '1978-07-08', '2013-11-05', 4.30000019, 1, NULL);
INSERT INTO book (id_book, barcode_book, title, author, dopauthor, dopauthor2, publish, text, totalpages, location, bbk, isbn, book_leng, status, year, inventar, category, dateinventar, datereg, price, doc_id, place_publish) VALUES (198, 300200100297, 'Летний сад', 211, 0, 0, 'литературы по строительству и архитектуре', '-', '155', '20.4.5', '', '-', 1, 1, '1951', '1476', 4, '1951-04-01', '2013-11-05', 10, 1, NULL);
INSERT INTO book (id_book, barcode_book, title, author, dopauthor, dopauthor2, publish, text, totalpages, location, bbk, isbn, book_leng, status, year, inventar, category, dateinventar, datereg, price, doc_id, place_publish) VALUES (199, 300200100298, 'Маскароны Петербурга', 212, 0, 0, 'Сударыня', '-', '242', '20.1.2', '', '-', 1, 1, '2000', '12871', 48, '1999-08-12', '2013-11-05', 43, 1, NULL);
INSERT INTO book (id_book, barcode_book, title, author, dopauthor, dopauthor2, publish, text, totalpages, location, bbk, isbn, book_leng, status, year, inventar, category, dateinventar, datereg, price, doc_id, place_publish) VALUES (200, 300200100299, 'Пивная столица России', 213, 0, 0, 'Третье тысячелетие', '-', '127', '19.5.4', '36.87', '-', 1, 1, '2001', '13588', 39, '2003-06-21', '2013-11-05', 488, 1, NULL);
INSERT INTO book (id_book, barcode_book, title, author, dopauthor, dopauthor2, publish, text, totalpages, location, bbk, isbn, book_leng, status, year, inventar, category, dateinventar, datereg, price, doc_id, place_publish) VALUES (201, 300200100300, 'Выборгская сторона', 214, 215, 216, 'Полигон', '-', '560', '19.5.4', '26.89', '-', 1, 1, '2001', '13181', 48, '2001-12-26', '2013-11-05', 160, 1, NULL);
INSERT INTO book (id_book, barcode_book, title, author, dopauthor, dopauthor2, publish, text, totalpages, location, bbk, isbn, book_leng, status, year, inventar, category, dateinventar, datereg, price, doc_id, place_publish) VALUES (202, 300200100301, '"Там некогда гулял и я..."', 217, 218, 0, 'Химиздат', '-', '48 ', '19.5.5', '', '-', 1, 1, '2000', '13193', 48, '2001-11-14', '2013-11-05', 21, 1, NULL);
INSERT INTO book (id_book, barcode_book, title, author, dopauthor, dopauthor2, publish, text, totalpages, location, bbk, isbn, book_leng, status, year, inventar, category, dateinventar, datereg, price, doc_id, place_publish) VALUES (204, 300200100303, 'Улица Пестеля. Пантелеймоновская', 220, 221, 0, 'Свеча', '', '78', '19.5.5', '', '-', 1, 1, '1991', '11458', 48, '1991-04-11', '2013-11-05', 2.20000005, 1, NULL);
INSERT INTO book (id_book, barcode_book, title, author, dopauthor, dopauthor2, publish, text, totalpages, location, bbk, isbn, book_leng, status, year, inventar, category, dateinventar, datereg, price, doc_id, place_publish) VALUES (205, 300200100304, 'Здесь будет город... Прогулки по Петербургу', 222, 223, 0, 'Химиздат', '-', '64', '19.5.4', '-', '-', 1, 1, '1999', '12659', 48, '1999-06-12', '2013-11-06', 10, 1, NULL);
INSERT INTO book (id_book, barcode_book, title, author, dopauthor, dopauthor2, publish, text, totalpages, location, bbk, isbn, book_leng, status, year, inventar, category, dateinventar, datereg, price, doc_id, place_publish) VALUES (206, 300200100305, 'Пред взором владыки морей. Прогулки по Петербургу', 222, 223, 0, 'Химиздат', '-', '72', '19.5.5', '-', '-', 1, 1, '1999', '12554', 48, '2000-05-12', '2013-11-06', 11, 1, NULL);
INSERT INTO book (id_book, barcode_book, title, author, dopauthor, dopauthor2, publish, text, totalpages, location, bbk, isbn, book_leng, status, year, inventar, category, dateinventar, datereg, price, doc_id, place_publish) VALUES (207, 300200100306, 'По берегам Медвежьей речки. Прогулки по Петербургу. Прогулка первая', 222, 223, 0, 'Химиздат', '-', '48', '19.5.5', '', '-', 1, 1, '1999', '12658', 48, '2000-06-12', '2013-11-06', 10, 1, NULL);
INSERT INTO book (id_book, barcode_book, title, author, dopauthor, dopauthor2, publish, text, totalpages, location, bbk, isbn, book_leng, status, year, inventar, category, dateinventar, datereg, price, doc_id, place_publish) VALUES (208, 300200100307, '"Там некогда гулял и я..." Прогулки по Петербургу. Прогулка четвертая ', 217, 218, 0, 'Химиздат', '-', '48', '19.5.5', '', '-', 1, 1, '1999', '12657', 48, '2000-06-12', '2013-11-06', 15, 1, NULL);
INSERT INTO book (id_book, barcode_book, title, author, dopauthor, dopauthor2, publish, text, totalpages, location, bbk, isbn, book_leng, status, year, inventar, category, dateinventar, datereg, price, doc_id, place_publish) VALUES (209, 300200100308, 'Топонимика Санкт-Петербурга ХУШ вв.', 106, 0, 0, 'РНБ', '-', '291', '19.5.4', 'Д890', '-', 1, 1, '2002', '13642', 48, '2003-12-10', '2013-11-06', 59, 1, NULL);
INSERT INTO book (id_book, barcode_book, title, author, dopauthor, dopauthor2, publish, text, totalpages, location, bbk, isbn, book_leng, status, year, inventar, category, dateinventar, datereg, price, doc_id, place_publish) VALUES (210, 300200100309, 'Петроградская сторона', 134, 0, 0, 'Лениздат', '-', '194', '19.5.4', '', '-', 1, 1, '1960', '5607', 48, '1960-06-05', '2013-11-06', 0.49000001, 1, NULL);
INSERT INTO book (id_book, barcode_book, title, author, dopauthor, dopauthor2, publish, text, totalpages, location, bbk, isbn, book_leng, status, year, inventar, category, dateinventar, datereg, price, doc_id, place_publish) VALUES (215, 300200100314, 'Северная Пальмира. Первые дни Петербурга', 228, 0, 0, 'Центрполиграф', '-', '285', '19.5.4', '63.3', '-', 1, 1, '2004', '14101', 0, '2005-11-17', '2013-11-06', 90, 1, NULL);
INSERT INTO book (id_book, barcode_book, title, author, dopauthor, dopauthor2, publish, text, totalpages, location, bbk, isbn, book_leng, status, year, inventar, category, dateinventar, datereg, price, doc_id, place_publish) VALUES (211, 300200100310, 'Основание Петербурга', 224, 0, 0, 'Лениздат', '-', '230', '19.5.4', '', '-', 1, 1, '1978', '8853', 4, '1978-08-08', '2013-11-06', 1.5, 1, NULL);
INSERT INTO book (id_book, barcode_book, title, author, dopauthor, dopauthor2, publish, text, totalpages, location, bbk, isbn, book_leng, status, year, inventar, category, dateinventar, datereg, price, doc_id, place_publish) VALUES (212, 300200100311, 'Петербург петровского времени', 225, 0, 0, 'Ленинградское газетно-журнальноел', '-', '157', '19.5.4', '', '-', 1, 1, '1948', '1218', 48, '1948-08-12', '2013-11-06', 9, 1, NULL);
INSERT INTO book (id_book, barcode_book, title, author, dopauthor, dopauthor2, publish, text, totalpages, location, bbk, isbn, book_leng, status, year, inventar, category, dateinventar, datereg, price, doc_id, place_publish) VALUES (213, 300200100312, 'Окно в Европу', 167, 226, 0, 'Лики России', '-', '158', '19.5.4', '63.3', '-', 1, 1, '1999', '12812', 4, '1999-08-12', '2013-11-06', 10, 1, NULL);
INSERT INTO book (id_book, barcode_book, title, author, dopauthor, dopauthor2, publish, text, totalpages, location, bbk, isbn, book_leng, status, year, inventar, category, dateinventar, datereg, price, doc_id, place_publish) VALUES (214, 300200100313, 'Юсуповский дворец', 227, 0, 0, 'Иван Федоров', '-', '30', '19.5.4', '85.11', '-', 1, 1, '1994', '12821', 48, '1994-08-12', '2013-11-06', 16, 1, NULL);
INSERT INTO book (id_book, barcode_book, title, author, dopauthor, dopauthor2, publish, text, totalpages, location, bbk, isbn, book_leng, status, year, inventar, category, dateinventar, datereg, price, doc_id, place_publish) VALUES (216, 300200100315, 'Мраморный дворец в Санкт-Петербурге. Век восемнадцатый', 229, 0, 0, 'Левша', '-', '238', '19.5.4', '85.113', '-', 1, 1, '2002', '13521', 48, '2003-03-03', '2013-11-06', 190.479996, 1, NULL);
INSERT INTO book (id_book, barcode_book, title, author, dopauthor, dopauthor2, publish, text, totalpages, location, bbk, isbn, book_leng, status, year, inventar, category, dateinventar, datereg, price, doc_id, place_publish) VALUES (217, 300200100316, 'Палаты светлейшего князя Меншикова', 230, 0, 0, '', '-', '168', '19.5.4.', '85.128', '-', 1, 1, '2003', '13637', 4, '2003-06-13', '2013-11-06', 130, 1, NULL);
INSERT INTO book (id_book, barcode_book, title, author, dopauthor, dopauthor2, publish, text, totalpages, location, bbk, isbn, book_leng, status, year, inventar, category, dateinventar, datereg, price, doc_id, place_publish) VALUES (218, 300200100317, 'По рекам и каналам Санкт-Петербурга', 231, 0, 0, 'Лениздат', '-', '265', '19.5.4', '26.891', '-', 1, 1, '2004', '14179', 50, '2006-03-02', '2013-11-06', 110, 1, NULL);
INSERT INTO book (id_book, barcode_book, title, author, dopauthor, dopauthor2, publish, text, totalpages, location, bbk, isbn, book_leng, status, year, inventar, category, dateinventar, datereg, price, doc_id, place_publish) VALUES (219, 300200100318, '"Дворец Петра П". Университетская набережная,11', 232, 0, 0, 'Искусство России', '', '67', '19.5.4', '63.3', '-', 1, 1, '2002', '13497', 4, '2003-02-14', '2013-11-06', 42, 1, NULL);
INSERT INTO book (id_book, barcode_book, title, author, dopauthor, dopauthor2, publish, text, totalpages, location, bbk, isbn, book_leng, status, year, inventar, category, dateinventar, datereg, price, doc_id, place_publish) VALUES (220, 300200100319, 'Петергофская железная дорога. 1853-1869', 233, 0, 0, 'Латона', '-', '119', '20.5.3', '', '85.113', 1, 1, '2006', '15149', 43, '2011-09-16', '2013-11-06', 340, 1, NULL);
INSERT INTO book (id_book, barcode_book, title, author, dopauthor, dopauthor2, publish, text, totalpages, location, bbk, isbn, book_leng, status, year, inventar, category, dateinventar, datereg, price, doc_id, place_publish) VALUES (221, 300200100320, 'Петербург весь на ладони', 234, 0, 0, 'Центрполиграф', '-', '648', '19.5.4', '26.89', '-', 1, 1, '2003', '13833', 4, '2004-12-01', '2013-11-06', 496, 1, NULL);
INSERT INTO book (id_book, barcode_book, title, author, dopauthor, dopauthor2, publish, text, totalpages, location, bbk, isbn, book_leng, status, year, inventar, category, dateinventar, datereg, price, doc_id, place_publish) VALUES (222, 300200100321, 'Сенная площадь. Вчера, сегодня, завтра', 235, 0, 0, 'ЦЕНТРПОЛИГРАФ', '--', '270', '19.5.4', '63.3', '-', 1, 1, '2011', '15152', 4, '2011-09-16', '2013-11-06', 310, 1, NULL);
INSERT INTO book (id_book, barcode_book, title, author, dopauthor, dopauthor2, publish, text, totalpages, location, bbk, isbn, book_leng, status, year, inventar, category, dateinventar, datereg, price, doc_id, place_publish) VALUES (223, 300200100322, 'Морские музеи Санкт-Петербурга.Справочник-путеводитель', 236, 237, 0, 'Судостроение', '-', '192', '19.5.4', 'я2', '-', 1, 1, '2001', '13712', 0, '2003-12-04', '2013-11-06', 261.899994, 1, NULL);
INSERT INTO book (id_book, barcode_book, title, author, dopauthor, dopauthor2, publish, text, totalpages, location, bbk, isbn, book_leng, status, year, inventar, category, dateinventar, datereg, price, doc_id, place_publish) VALUES (224, 300200100323, 'Охта. Традиции и современность', 238, 0, 0, 'Карта', '-', '4159', '19.5.41', '63.3', '-', 1, 1, '2005', '14186', 48, '2006-03-02', '2013-11-07', 400, 1, NULL);
INSERT INTO book (id_book, barcode_book, title, author, dopauthor, dopauthor2, publish, text, totalpages, location, bbk, isbn, book_leng, status, year, inventar, category, dateinventar, datereg, price, doc_id, place_publish) VALUES (225, 300200100324, 'Труды Госудаоственного музея истории Санкт-Петербурга', 239, 0, 0, 'ГМИСПб', '-', '346', '19.5.4', '26.89', '-', 1, 1, '2000', '13218', 48, '2002-03-25', '2013-11-07', 6, 1, NULL);
INSERT INTO book (id_book, barcode_book, title, author, dopauthor, dopauthor2, publish, text, totalpages, location, bbk, isbn, book_leng, status, year, inventar, category, dateinventar, datereg, price, doc_id, place_publish) VALUES (227, 300200100326, '"Медный всадник". История создания монумента', 44, 0, 0, 'Искусство', '-', '189', '20.2.3', '', '', 1, 1, '1975', '8212', 40, '1974-02-08', '2013-11-07', 2.01999998, 1, NULL);
INSERT INTO book (id_book, barcode_book, title, author, dopauthor, dopauthor2, publish, text, totalpages, location, bbk, isbn, book_leng, status, year, inventar, category, dateinventar, datereg, price, doc_id, place_publish) VALUES (228, 300200100327, 'Ленинград. Историко-                                            Ленинград. Историко-географический атласгеографический атлас', 241, 0, 0, 'Главное управление геодезии и картографии', '-', '119', '19.5.4', '', '', 1, 1, '1977', '8686', 4, '1977-06-08', '2013-11-07', 3.5, 1, NULL);
INSERT INTO book (id_book, barcode_book, title, author, dopauthor, dopauthor2, publish, text, totalpages, location, bbk, isbn, book_leng, status, year, inventar, category, dateinventar, datereg, price, doc_id, place_publish) VALUES (229, 300200100328, 'Столичный Петербург. Город и власть', 96, 0, 0, 'Центрполиграф', '-', '549', '19.5.4', '63.3', '-', 1, 1, '2009', '14780', 48, '2009-07-01', '2013-11-07', 505, 1, NULL);
INSERT INTO book (id_book, barcode_book, title, author, dopauthor, dopauthor2, publish, text, totalpages, location, bbk, isbn, book_leng, status, year, inventar, category, dateinventar, datereg, price, doc_id, place_publish) VALUES (230, 300200100329, 'Архитекторы-строители Санкт-Петербурга середины Х1Х-начала ХХ века', 141, 0, 0, 'Пилигрим', '-', '400', '20.7.6', '', '-', 1, 1, '1996', '12043', 0, '1995-04-12', '2013-11-07', 10, 1, NULL);
INSERT INTO book (id_book, barcode_book, title, author, dopauthor, dopauthor2, publish, text, totalpages, location, bbk, isbn, book_leng, status, year, inventar, category, dateinventar, datereg, price, doc_id, place_publish) VALUES (231, 300200100330, 'Три усадьбы, три судьбы', 242, 0, 0, 'Искусство-СПб', '-', '272', '19.5.4', '63.3', '', 1, 1, '2006', '14291', 43, '2006-08-23', '2013-11-07', 195, 1, NULL);
INSERT INTO book (id_book, barcode_book, title, author, dopauthor, dopauthor2, publish, text, totalpages, location, bbk, isbn, book_leng, status, year, inventar, category, dateinventar, datereg, price, doc_id, place_publish) VALUES (233, 300200100332, 'Я иду по Миллионной. Вып. 1. Три века Мил.', 243, 0, 0, 'Всемирный клуб петербуржцев', '-', '95', '19.5.4', '63.3', '-', 1, 1, '2000', '13039', 48, '2000-03-13', '2013-11-07', 21, 1, NULL);
INSERT INTO book (id_book, barcode_book, title, author, dopauthor, dopauthor2, publish, text, totalpages, location, bbk, isbn, book_leng, status, year, inventar, category, dateinventar, datereg, price, doc_id, place_publish) VALUES (234, 300200100333, 'Лифляндская улица', 244, 0, 0, 'Книжный Дом', '-', '448', '19.5.4', '63.3', '-', 1, 1, '2010', '15159', 48, '2011-09-16', '2013-11-07', 500, 1, NULL);
INSERT INTO book (id_book, barcode_book, title, author, dopauthor, dopauthor2, publish, text, totalpages, location, bbk, isbn, book_leng, status, year, inventar, category, dateinventar, datereg, price, doc_id, place_publish) VALUES (235, 300200100334, 'Труды Государственного музея истории Санкт-Петербурга', 245, 0, 0, 'ГМИСПб', '-', '202', '19.5.4', '85.101', '-', 1, 1, '1998', '14619', 0, '2008-07-09', '2013-11-07', 70, 1, NULL);
INSERT INTO book (id_book, barcode_book, title, author, dopauthor, dopauthor2, publish, text, totalpages, location, bbk, isbn, book_leng, status, year, inventar, category, dateinventar, datereg, price, doc_id, place_publish) VALUES (236, 300200100335, 'Казанский собор', 246, 0, 0, 'Лениздат', '-', '205', '19.5.4', '', '-', 1, 1, '1964', '5406', 48, '1964-04-05', '2013-11-08', 0.219999999, 1, NULL);
INSERT INTO book (id_book, barcode_book, title, author, dopauthor, dopauthor2, publish, text, totalpages, location, bbk, isbn, book_leng, status, year, inventar, category, dateinventar, datereg, price, doc_id, place_publish) VALUES (237, 300200100336, 'Городские имена сегодня и вчера. Петербургская топонимика', 247, 0, 0, 'Лик', '-', '288', '19.5.4', '61.3', '-', 1, 1, '1997', '12206', 48, '1997-06-12', '2013-11-08', 12200, 1, NULL);
INSERT INTO book (id_book, barcode_book, title, author, dopauthor, dopauthor2, publish, text, totalpages, location, bbk, isbn, book_leng, status, year, inventar, category, dateinventar, datereg, price, doc_id, place_publish) VALUES (238, 300200100337, 'Памятники революционной России', 248, 0, 0, 'Советская Россия', '-', '95', '20.1.4', '85.13', '-', 1, 1, '1986', '10470', 40, '1986-04-10', '2013-11-08', 1.79999995, 1, NULL);
INSERT INTO book (id_book, barcode_book, title, author, dopauthor, dopauthor2, publish, text, totalpages, location, bbk, isbn, book_leng, status, year, inventar, category, dateinventar, datereg, price, doc_id, place_publish) VALUES (239, 300200100338, 'Большой проспект Васильевского острова. (Туристу о Ленинграде', 249, 250, 0, 'Лениздат', '-', '96', '19.5.4', '', '-', 1, 1, '1981', '9416', 48, '1981-04-09', '2013-11-08', 0.349999994, 1, NULL);
INSERT INTO book (id_book, barcode_book, title, author, dopauthor, dopauthor2, publish, text, totalpages, location, bbk, isbn, book_leng, status, year, inventar, category, dateinventar, datereg, price, doc_id, place_publish) VALUES (241, 300200100340, 'Литераторские мостки', 183, 0, 0, 'Лениздат', '-', '46', '19.5.4', '', '-', 1, 1, '1965', '5725', 48, '1965-07-05', '2013-11-08', 0.0399999991, 1, NULL);
INSERT INTO book (id_book, barcode_book, title, author, dopauthor, dopauthor2, publish, text, totalpages, location, bbk, isbn, book_leng, status, year, inventar, category, dateinventar, datereg, price, doc_id, place_publish) VALUES (242, 300200100341, 'Наш город Ленинград', 252, 0, 0, 'Лениздат', '-', '157', '19.5.4', '', '-', 1, 1, '1968', '6773', 48, '1968-07-06', '2013-11-08', 0.170000002, 1, NULL);
INSERT INTO book (id_book, barcode_book, title, author, dopauthor, dopauthor2, publish, text, totalpages, location, bbk, isbn, book_leng, status, year, inventar, category, dateinventar, datereg, price, doc_id, place_publish) VALUES (243, 300200100342, 'Забытые имена Петербурга', 253, 0, 0, 'Логос', '-', '262', '19.5.4', '84.Р7', '-', 1, 1, '2003', '13545', 48, '2003-05-28', '2013-11-08', 120, 1, NULL);
INSERT INTO book (id_book, barcode_book, title, author, dopauthor, dopauthor2, publish, text, totalpages, location, bbk, isbn, book_leng, status, year, inventar, category, dateinventar, datereg, price, doc_id, place_publish) VALUES (244, 300200100343, 'Немецкие предприниматели в Санкт-Петербурге (ХУШ-ХХ вв)  и', 254, 0, 0, 'ИОВ РАО', '-', '265', '19.5.4', '83.3', '-', 1, 1, '2002', '14471', 48, '2007-11-20', '2013-11-08', 270, 1, NULL);
INSERT INTO book (id_book, barcode_book, title, author, dopauthor, dopauthor2, publish, text, totalpages, location, bbk, isbn, book_leng, status, year, inventar, category, dateinventar, datereg, price, doc_id, place_publish) VALUES (245, 300200100344, 'Курортный район. Страницы истории. Вып. 3', 255, 0, 0, 'Остров', '-', '141', '19.5.4', '26.89', '-', 1, 1, '2007', '14529', 43, '2008-04-01', '2013-11-08', 140, 1, NULL);
INSERT INTO book (id_book, barcode_book, title, author, dopauthor, dopauthor2, publish, text, totalpages, location, bbk, isbn, book_leng, status, year, inventar, category, dateinventar, datereg, price, doc_id, place_publish) VALUES (246, 300200100345, 'Академия художеств. Историко-искусствоведческий очерк', 256, 0, 0, 'Лениздат', '-', '221', '19.5.4', '', '', 1, 1, '1982', '9493', 48, '1982-04-09', '2013-11-08', 1.29999995, 1, NULL);
INSERT INTO book (id_book, barcode_book, title, author, dopauthor, dopauthor2, publish, text, totalpages, location, bbk, isbn, book_leng, status, year, inventar, category, dateinventar, datereg, price, doc_id, place_publish) VALUES (247, 300200100346, 'Школа на Васильевском острове. Историческая хроника. Часть 1', 257, 0, 0, 'Наука', '-', '547', '19.5.4', '74.03', '-', 1, 1, '2005', '14152', 0, '2005-11-20', '2013-11-08', 275, 1, NULL);
INSERT INTO book (id_book, barcode_book, title, author, dopauthor, dopauthor2, publish, text, totalpages, location, bbk, isbn, book_leng, status, year, inventar, category, dateinventar, datereg, price, doc_id, place_publish) VALUES (240, 300200100339, 'Театральная площадь(Туристу о Ленинграде) Ленинграде', 251, 0, 0, 'Лениздат', '-', '142', '19.5.4', '', '-', 1, 1, '1984', '9874', 0, '1984-08-09', '2013-11-08', 0.5, 1, NULL);
INSERT INTO book (id_book, barcode_book, title, author, dopauthor, dopauthor2, publish, text, totalpages, location, bbk, isbn, book_leng, status, year, inventar, category, dateinventar, datereg, price, doc_id, place_publish) VALUES (248, 300200100347, 'Улицы: Санкт-Петербург, Пушкин, Павловск, Колпино, Кр. Село', 258, 0, 0, 'Печатный двор', '-', '631', '19.5.4', '', '-', 1, 1, '1998', '12493', 48, '1998-04-12', '2013-11-12', 10, 1, NULL);
INSERT INTO book (id_book, barcode_book, title, author, dopauthor, dopauthor2, publish, text, totalpages, location, bbk, isbn, book_leng, status, year, inventar, category, dateinventar, datereg, price, doc_id, place_publish) VALUES (249, 300200100348, 'Национальность-питерские', 259, 0, 0, 'Сударыня', '-', '584', '19.5.4', '63.3', '-', 1, 1, '2002', '13553', 48, '2003-05-28', '2013-11-12', 300, 1, NULL);
INSERT INTO book (id_book, barcode_book, title, author, dopauthor, dopauthor2, publish, text, totalpages, location, bbk, isbn, book_leng, status, year, inventar, category, dateinventar, datereg, price, doc_id, place_publish) VALUES (250, 300200100349, 'Петербургские школы и школьные здания. 1703-2003', 260, 0, 0, 'Блиц', '-', '144', '19.5.4', '85.118', '-', 1, 1, '2003', '13853', 48, '2005-02-15', '2013-11-12', 90, 1, NULL);
INSERT INTO book (id_book, barcode_book, title, author, dopauthor, dopauthor2, publish, text, totalpages, location, bbk, isbn, book_leng, status, year, inventar, category, dateinventar, datereg, price, doc_id, place_publish) VALUES (251, 300200100350, 'Краеведческие записки. Вып. 8', 141, 0, 0, 'Госуд. музей истории Санкт-Петербурга', '-', '335', '19.5.4', '85.11', '-', 1, 1, '2001', '14229', 48, '2006-05-30', '2013-11-12', 8.39999962, 1, NULL);
INSERT INTO book (id_book, barcode_book, title, author, dopauthor, dopauthor2, publish, text, totalpages, location, bbk, isbn, book_leng, status, year, inventar, category, dateinventar, datereg, price, doc_id, place_publish) VALUES (226, 300200100325, 'Великое и трагическое 1941-1942', 240, 0, 0, 'Наука', '-', '173', '19.5.4', '63.3', '-', 1, 1, '2000', '13806', 4, '2004-11-25', '2013-11-07', 6, 1, NULL);
INSERT INTO book (id_book, barcode_book, title, author, dopauthor, dopauthor2, publish, text, totalpages, location, bbk, isbn, book_leng, status, year, inventar, category, dateinventar, datereg, price, doc_id, place_publish) VALUES (252, 300200100351, 'Феномен Петербурга. Труды конференции во Всероссийском музее А.С.Пушкина', 261, 0, 0, 'Блитц', '-', '544', '19.5.4', '84(0)', '-', 1, 1, '2001', '13401', 48, '2002-10-18', '2013-11-12', 152, 1, NULL);
INSERT INTO book (id_book, barcode_book, title, author, dopauthor, dopauthor2, publish, text, totalpages, location, bbk, isbn, book_leng, status, year, inventar, category, dateinventar, datereg, price, doc_id, place_publish) VALUES (253, 300200100352, 'St. Petrischule школа, что на Невском проспекте за кирхой', 260, 0, 0, 'Коло', '-', '152', '19.5.4', '85.113', '-', 1, 1, '2006', '14283', 48, '2006-06-22', '2013-11-12', 90, 1, NULL);
INSERT INTO book (id_book, barcode_book, title, author, dopauthor, dopauthor2, publish, text, totalpages, location, bbk, isbn, book_leng, status, year, inventar, category, dateinventar, datereg, price, doc_id, place_publish) VALUES (254, 300200100353, 'Феномен Петербурга. Труды Международной конференции в музее им. А.С.Пушкина', 261, 0, 0, 'Блиц', '-', '430', '19.5.4', '63.3', '-', 1, 2, '2000', '12864', 53, '2000-08-12', '2013-11-12', 110, 1, NULL);
INSERT INTO book (id_book, barcode_book, title, author, dopauthor, dopauthor2, publish, text, totalpages, location, bbk, isbn, book_leng, status, year, inventar, category, dateinventar, datereg, price, doc_id, place_publish) VALUES (256, 300200100355, 'Адмиралтейство', 263, 0, 0, 'Лениздат', '-', '89', '19.5.2', '-', '-', 1, 1, '1965', '5813', 53, '2001-01-01', '2013-11-13', 0.0900000036, 1, NULL);
INSERT INTO book (id_book, barcode_book, title, author, dopauthor, dopauthor2, publish, text, totalpages, location, bbk, isbn, book_leng, status, year, inventar, category, dateinventar, datereg, price, doc_id, place_publish) VALUES (257, 300200100356, 'Морской музей России. Центральный Военно-морской музей', 265, 0, 0, 'Арт-палас', '-', '197', '19.5.4', '79.1', '-', 1, 1, '2000', '13184', 53, '2001-12-26', '2013-11-13', 131, 1, NULL);
INSERT INTO book (id_book, barcode_book, title, author, dopauthor, dopauthor2, publish, text, totalpages, location, bbk, isbn, book_leng, status, year, inventar, category, dateinventar, datereg, price, doc_id, place_publish) VALUES (258, 300200100357, 'Каменноостровский проспект', 264, 0, 0, 'Остров', '-', '223', '19.5.4', '63.3', '-', 1, 1, '2003', '13800', 39, '2004-07-29', '2013-11-13', 125, 1, NULL);
INSERT INTO book (id_book, barcode_book, title, author, dopauthor, dopauthor2, publish, text, totalpages, location, bbk, isbn, book_leng, status, year, inventar, category, dateinventar, datereg, price, doc_id, place_publish) VALUES (259, 300200100358, 'Невский, 46: зубоврачевание и не только', 266, 0, 0, 'Поли Медиа Пресс', '-', '303', '19.5.4', '63.3', '-', 1, 1, '2004', '14127', 0, '2005-11-02', '2013-11-13', 270, 1, NULL);
INSERT INTO book (id_book, barcode_book, title, author, dopauthor, dopauthor2, publish, text, totalpages, location, bbk, isbn, book_leng, status, year, inventar, category, dateinventar, datereg, price, doc_id, place_publish) VALUES (260, 300200100359, 'Петербург. Конспекты по истории культуры', 267, 0, 0, 'Папирус', '-', '263', '19.5.2', '-', '-', 1, 1, '2003', '13496', 48, '2003-04-12', '2013-11-13', 73, 1, NULL);
INSERT INTO book (id_book, barcode_book, title, author, dopauthor, dopauthor2, publish, text, totalpages, location, bbk, isbn, book_leng, status, year, inventar, category, dateinventar, datereg, price, doc_id, place_publish) VALUES (255, 300200100354, 'Аникушин', 262, 0, 0, 'Искусство', '-', '44', '20.1.2', '', '-', 1, 2, '1961', '4103', 40, '1961-10-04', '2013-11-12', 0.239999995, 1, NULL);
INSERT INTO book (id_book, barcode_book, title, author, dopauthor, dopauthor2, publish, text, totalpages, location, bbk, isbn, book_leng, status, year, inventar, category, dateinventar, datereg, price, doc_id, place_publish) VALUES (261, 300200100360, 'Чудес палата. Рассказы о Кунсткамере для школьников', 268, 0, 0, 'Дельта', '-', '192', '19.5.4', '70/79', '-', 1, 1, '2000', '13005', 53, '2000-05-13', '2013-11-13', 136, 1, NULL);
INSERT INTO book (id_book, barcode_book, title, author, dopauthor, dopauthor2, publish, text, totalpages, location, bbk, isbn, book_leng, status, year, inventar, category, dateinventar, datereg, price, doc_id, place_publish) VALUES (262, 300200100361, 'Санкт-Петербург. Пособие по истории города', 269, 0, 0, 'Корона принт', '-', '334', '19.5.4', '85.1', '-', 1, 1, '2000', '12980', 48, '2000-09-12', '2013-11-13', 40, 1, NULL);
INSERT INTO book (id_book, barcode_book, title, author, dopauthor, dopauthor2, publish, text, totalpages, location, bbk, isbn, book_leng, status, year, inventar, category, dateinventar, datereg, price, doc_id, place_publish) VALUES (263, 300200100362, 'Литература о Петербурге', 270, 0, 0, 'Российская национальная библиотека', '-', '423', '19.5.2', '890', '-', 1, 1, '2000', '13007', 4, '2000-03-12', '2013-11-13', 0, 1, NULL);
INSERT INTO book (id_book, barcode_book, title, author, dopauthor, dopauthor2, publish, text, totalpages, location, bbk, isbn, book_leng, status, year, inventar, category, dateinventar, datereg, price, doc_id, place_publish) VALUES (264, 300200100363, 'Декоративная скульпура садов и парков Ленинграда и пригородов ХУШ-Х1Х вв.р', 271, 272, 273, 'Художник РСФСР', '-', '384', '21.3.4.', '', '', 1, 1, '1981', '9524', 43, '1981-05-09', '2013-11-13', 15.5, 1, NULL);
INSERT INTO book (id_book, barcode_book, title, author, dopauthor, dopauthor2, publish, text, totalpages, location, bbk, isbn, book_leng, status, year, inventar, category, dateinventar, datereg, price, doc_id, place_publish) VALUES (267, 300200100366, 'Петергоф. Новые поступления 1997-1999', 67, 0, 0, 'Абрис', '-', '207', '20.4.3', '85.101', '-', 1, 1, '1999', '13139', 43, '1999-12-13', '2013-11-13', 680, 1, NULL);
INSERT INTO book (id_book, barcode_book, title, author, dopauthor, dopauthor2, publish, text, totalpages, location, bbk, isbn, book_leng, status, year, inventar, category, dateinventar, datereg, price, doc_id, place_publish) VALUES (269, 300200100368, 'Скульптура и скульпторы Санкт-Петербурга.1703-2007.Илл. энциклопедия', 43, 278, 0, 'Логос', '-', '768', '20.1.4', '85.13', '', 1, 2, '2007', '14502', 40, '2008-02-05', '2013-11-14', 2500, 1, NULL);
INSERT INTO book (id_book, barcode_book, title, author, dopauthor, dopauthor2, publish, text, totalpages, location, bbk, isbn, book_leng, status, year, inventar, category, dateinventar, datereg, price, doc_id, place_publish) VALUES (268, 300200100367, 'Памятники и мемориальные доски Ленинграда. Справочник ', 276, 277, 0, 'Лениздат', '-', '519', '20.1.3', '', '', 1, 1, '1979', '8985', 40, '1979-09-08', '2013-11-14', 0.850000024, 1, NULL);
INSERT INTO book (id_book, barcode_book, title, author, dopauthor, dopauthor2, publish, text, totalpages, location, bbk, isbn, book_leng, status, year, inventar, category, dateinventar, datereg, price, doc_id, place_publish) VALUES (270, 300200100369, 'Высшие учебные заведения старого Петербурга', 146, 0, 0, 'Глагол', '-', '96', '19.5.4', '85.13', '-', 1, 1, '2002', '13433', 48, '2002-10-30', '2013-11-14', 40, 1, NULL);
INSERT INTO book (id_book, barcode_book, title, author, dopauthor, dopauthor2, publish, text, totalpages, location, bbk, isbn, book_leng, status, year, inventar, category, dateinventar, datereg, price, doc_id, place_publish) VALUES (271, 300200100370, 'Морской кадетский корпус в воспоминаниях воспитанников', 279, 0, 0, 'БЛИЦ', '-', '296', '19.5.4', '63.3', '-', 1, 1, '2003', '13852', 0, '2005-02-15', '2013-11-14', 160, 1, NULL);
INSERT INTO book (id_book, barcode_book, title, author, dopauthor, dopauthor2, publish, text, totalpages, location, bbk, isbn, book_leng, status, year, inventar, category, dateinventar, datereg, price, doc_id, place_publish) VALUES (266, 300200100365, 'Неповторимый Петербург', 274, 0, 0, 'Святослав', '-', '107', '19.5.4', '', '-', 1, 1, '2005', '14247', 4, '2006-06-22', '2013-11-13', 200, 1, NULL);
INSERT INTO book (id_book, barcode_book, title, author, dopauthor, dopauthor2, publish, text, totalpages, location, bbk, isbn, book_leng, status, year, inventar, category, dateinventar, datereg, price, doc_id, place_publish) VALUES (265, 300200100364, 'Несерьезный Петербург', 274, 0, 0, 'Аюрведа Плюс', '-', '84', '19.5.4', '85.13', '-', 1, 1, '2005', '14248', 4, '2006-06-22', '2013-11-13', 150, 1, NULL);
INSERT INTO book (id_book, barcode_book, title, author, dopauthor, dopauthor2, publish, text, totalpages, location, bbk, isbn, book_leng, status, year, inventar, category, dateinventar, datereg, price, doc_id, place_publish) VALUES (274, 300200100373, 'Зодчий В.П.Стасов (1769-1848)', 65, 0, 0, 'Литературы по строительству', '-', '54', '20.6.4', '', '-', 1, 2, '1969', '7144', 39, '1969-12-07', '2013-11-14', 0.340000004, 1, NULL);
INSERT INTO book (id_book, barcode_book, title, author, dopauthor, dopauthor2, publish, text, totalpages, location, bbk, isbn, book_leng, status, year, inventar, category, dateinventar, datereg, price, doc_id, place_publish) VALUES (273, 300200100372, 'Архитектор В.П.Стасов. Материалы к изучению творчества', 280, 0, 0, 'Архитектурное', '-', '86', '20.6.4', '', '-', 1, 2, '1950', '1304', 39, '1950-04-13', '2013-11-14', 14, 1, NULL);
INSERT INTO book (id_book, barcode_book, title, author, dopauthor, dopauthor2, publish, text, totalpages, location, bbk, isbn, book_leng, status, year, inventar, category, dateinventar, datereg, price, doc_id, place_publish) VALUES (272, 300200100371, 'Стасов архитектор', 65, 0, 0, '', '-', '249', '20.6.4', '', '-', 1, 2, '1962', '4977', 39, '1962-09-04', '2013-11-14', 2.8499999, 1, NULL);
INSERT INTO book (id_book, barcode_book, title, author, dopauthor, dopauthor2, publish, text, totalpages, location, bbk, isbn, book_leng, status, year, inventar, category, dateinventar, datereg, price, doc_id, place_publish) VALUES (279, 300200100378, 'Историко-архитектурные памятники Петербурга', 285, 0, 0, 'Союз', '-', '320', '19.5.4', '85', '-', 1, 1, '2003', '13591', 48, '2003-06-21', '2013-11-15', 177, 1, NULL);
INSERT INTO book (id_book, barcode_book, title, author, dopauthor, dopauthor2, publish, text, totalpages, location, bbk, isbn, book_leng, status, year, inventar, category, dateinventar, datereg, price, doc_id, place_publish) VALUES (280, 300200100379, 'Невский архив: Историко-краеведческий сборник Вып. 1У', 283, 282, 0, 'Чернышова', '-', '552', '19.5.4', '63.3', '-', 1, 1, '1999', '12872', 48, '1999-08-12', '2013-11-15', 98, 1, NULL);
INSERT INTO book (id_book, barcode_book, title, author, dopauthor, dopauthor2, publish, text, totalpages, location, bbk, isbn, book_leng, status, year, inventar, category, dateinventar, datereg, price, doc_id, place_publish) VALUES (275, 300200100374, 'Мой город-Санкт-Петербург', 281, 0, 0, '', '-', '304', '19.5.4', '', '-', 1, 1, '1996', '12109', 48, '1996-10-12', '2013-11-15', 18800, 1, NULL);
INSERT INTO book (id_book, barcode_book, title, author, dopauthor, dopauthor2, publish, text, totalpages, location, bbk, isbn, book_leng, status, year, inventar, category, dateinventar, datereg, price, doc_id, place_publish) VALUES (276, 300200100375, 'Азбука Петербурга. Альбом', 275, 0, 0, '', '-', '71', '19.5.4', '', '-', 1, 1, '1995', '12021', 48, '1995-02-12', '2013-11-15', 9000, 1, NULL);
INSERT INTO book (id_book, barcode_book, title, author, dopauthor, dopauthor2, publish, text, totalpages, location, bbk, isbn, book_leng, status, year, inventar, category, dateinventar, datereg, price, doc_id, place_publish) VALUES (277, 300200100376, 'Невский архив:Историко-краеведческий сборник. Вып. У1', 282, 0, 283, 'Лики России', '-', '672', '19.5.4', '63.2', '-', 1, 1, '2003', '13845', 48, '2005-02-15', '2013-11-15', 180, 1, NULL);
INSERT INTO book (id_book, barcode_book, title, author, dopauthor, dopauthor2, publish, text, totalpages, location, bbk, isbn, book_leng, status, year, inventar, category, dateinventar, datereg, price, doc_id, place_publish) VALUES (278, 300200100377, 'Невский архив: Историко-краеведческий сборник. Вып. 2', 284, 283, 0, 'Феникс', '-', '477', '19.5.4', '63.3', '-', 1, 1, '1995', '12106', 48, '1995-10-12', '2013-11-15', 20, 1, NULL);
INSERT INTO book (id_book, barcode_book, title, author, dopauthor, dopauthor2, publish, text, totalpages, location, bbk, isbn, book_leng, status, year, inventar, category, dateinventar, datereg, price, doc_id, place_publish) VALUES (281, 300200100380, 'Петербургские чтения-95. Материалы научной конференции22-26 мая 1995 года', 286, 0, 0, 'Ассоциация исследователей СПб', '-', '319', '19.5.4', '', '-', 1, 1, '1995', '11832', 48, '1995-08-11', '2013-11-15', 10, 1, NULL);
INSERT INTO book (id_book, barcode_book, title, author, dopauthor, dopauthor2, publish, text, totalpages, location, bbk, isbn, book_leng, status, year, inventar, category, dateinventar, datereg, price, doc_id, place_publish) VALUES (113, 300200100212, 'Улица Большая Конюшенная', 141, 0, 0, 'Центрполиграф', '-', '180', '19.5.4', '85.11', '-', 1, 1, '2003', '14100', 48, '2005-11-17', '2013-10-22', 90, 2003, NULL);
INSERT INTO book (id_book, barcode_book, title, author, dopauthor, dopauthor2, publish, text, totalpages, location, bbk, isbn, book_leng, status, year, inventar, category, dateinventar, datereg, price, doc_id, place_publish) VALUES (166, 300200100265, 'Советская скульптура. 1917-1952. ГТГ ', 184, 0, 0, 'Искусство', '-', '50', '20.6.4', '-', '-', 1, 1, '1953', '2593', 42, '1953-01-31', '2013-11-01', 11.5, 1, NULL);
INSERT INTO book (id_book, barcode_book, title, author, dopauthor, dopauthor2, publish, text, totalpages, location, bbk, isbn, book_leng, status, year, inventar, category, dateinventar, datereg, price, doc_id, place_publish) VALUES (282, 300200100381, 'Русская мемориальная скульптура. К истории художественного надгробия в России', 287, 288, 289, 'Искусство', '-', '311', '20.1.3', '', '-', 1, 2, '1978', '8684', 40, '1978-06-08', '2013-11-19', 5.0999999, 1, NULL);
INSERT INTO book (id_book, barcode_book, title, author, dopauthor, dopauthor2, publish, text, totalpages, location, bbk, isbn, book_leng, status, year, inventar, category, dateinventar, datereg, price, doc_id, place_publish) VALUES (283, 300200100382, 'Собрание со                               Доктор Живаго.Собрание сочинений в пяти томах. Том третий чинений в пяти томах. ', 290, 0, 0, 'Художественная литература', '-', '732', '19.7.1', '84Р7', '-', 1, 1, '1990', '11380', 44, '1990-03-11', '2013-11-19', 5, 1, NULL);
INSERT INTO book (id_book, barcode_book, title, author, dopauthor, dopauthor2, publish, text, totalpages, location, bbk, isbn, book_leng, status, year, inventar, category, dateinventar, datereg, price, doc_id, place_publish) VALUES (284, 300200100383, 'Мистический Петербург. По страницам истории и литературы', 209, 0, 0, 'Тесса', '-', '224', '19.5.4', '', '-', 1, 1, '2001', '26.89', 4, '2002-04-11', '2013-11-19', 42, 1, NULL);
INSERT INTO book (id_book, barcode_book, title, author, dopauthor, dopauthor2, publish, text, totalpages, location, bbk, isbn, book_leng, status, year, inventar, category, dateinventar, datereg, price, doc_id, place_publish) VALUES (285, 300200100384, 'Памятники истории и культуры Санкт-Петербурга: Сборник научных статей', 291, 0, 0, 'Политехника', '-', '250', '19.5.4', '', '-', 1, 1, '1994', '11813', 4, '1984-08-11', '2013-11-19', 10400, 1, NULL);
INSERT INTO book (id_book, barcode_book, title, author, dopauthor, dopauthor2, publish, text, totalpages, location, bbk, isbn, book_leng, status, year, inventar, category, dateinventar, datereg, price, doc_id, place_publish) VALUES (307, 300200100406, 'Краткий артиллерийский военно-исторический лексикон, или тернминологический словарь всего', 311, 0, 0, 'ФГУК "Государственный Исторический музей"', '-', '230', '19.5.3', '85.101', '-', 1, 1, '2006', '14699', 51, '2009-04-21', '2013-11-27', 190, 1, NULL);
INSERT INTO book (id_book, barcode_book, title, author, dopauthor, dopauthor2, publish, text, totalpages, location, bbk, isbn, book_leng, status, year, inventar, category, dateinventar, datereg, price, doc_id, place_publish) VALUES (287, 300200100386, 'Большая Морская улицаф', 293, 294, 0, 'Центрполиграф', '-', '462', '19.5.4', '84', '-', 1, 1, '2005', '13866', 48, '2005-05-14', '2013-11-19', 225, 1, NULL);
INSERT INTO book (id_book, barcode_book, title, author, dopauthor, dopauthor2, publish, text, totalpages, location, bbk, isbn, book_leng, status, year, inventar, category, dateinventar, datereg, price, doc_id, place_publish) VALUES (288, 300200100387, 'Каменноостровский проспект', 264, 0, 0, 'Центрполиграф', '-', '639', '19.5.4', '85.11', '', 1, 1, '2005', '14315', 4, '2006-08-23', '2013-11-19', 315, 1, NULL);
INSERT INTO book (id_book, barcode_book, title, author, dopauthor, dopauthor2, publish, text, totalpages, location, bbk, isbn, book_leng, status, year, inventar, category, dateinventar, datereg, price, doc_id, place_publish) VALUES (289, 300200100388, 'Н.А.Андреев. Избранные произведения', 295, 0, 0, 'Советский художник', '-', '10', '20.1.2', '', '-', 1, 1, '1956', '2553', 40, '1956-05-25', '2013-11-20', 8.5, 1, NULL);
INSERT INTO book (id_book, barcode_book, title, author, dopauthor, dopauthor2, publish, text, totalpages, location, bbk, isbn, book_leng, status, year, inventar, category, dateinventar, datereg, price, doc_id, place_publish) VALUES (290, 300200100389, 'Н.А.Андреев', 296, 0, 0, 'Искусство', '-', '91', '20.1.2', '', '-', 1, 1, '1939', '321', 40, '1939-03-03', '2013-11-20', 12, 1, NULL);
INSERT INTO book (id_book, barcode_book, title, author, dopauthor, dopauthor2, publish, text, totalpages, location, bbk, isbn, book_leng, status, year, inventar, category, dateinventar, datereg, price, doc_id, place_publish) VALUES (291, 300200100390, 'Вячеслав Андреевич Андреев', 297, 0, 0, 'Изобразительное искусство', '-', '174', '20.1.2', '', '-', 1, 1, '1972', '8185', 4, '1973-01-08', '2013-11-20', 1.87, 1, NULL);
INSERT INTO book (id_book, barcode_book, title, author, dopauthor, dopauthor2, publish, text, totalpages, location, bbk, isbn, book_leng, status, year, inventar, category, dateinventar, datereg, price, doc_id, place_publish) VALUES (292, 300200100391, 'Немцы в государственности Россиис', 254, 0, 0, 'ИОВ РАО', '-', '228', '20.5.4', '', '-', 1, 1, '2004', '14472', 50, '2007-11-20', '2013-11-20', 130, 1, NULL);
INSERT INTO book (id_book, barcode_book, title, author, dopauthor, dopauthor2, publish, text, totalpages, location, bbk, isbn, book_leng, status, year, inventar, category, dateinventar, datereg, price, doc_id, place_publish) VALUES (293, 300200100392, 'Стиль модерн. Истоки, история, проблемы', 298, 0, 0, 'Искусство', '-', '294', '19.1.2', '87.8', '-', 1, 1, '1989', '11130', 42, '1989-11-11', '2013-11-20', 4.80000019, 1, NULL);
INSERT INTO book (id_book, barcode_book, title, author, dopauthor, dopauthor2, publish, text, totalpages, location, bbk, isbn, book_leng, status, year, inventar, category, dateinventar, datereg, price, doc_id, place_publish) VALUES (294, 300200100393, 'Николай Андреевич Андреев', 299, 0, 0, 'Художник РСФСР', '-', '44', '19.1.3', '', '-', 1, 1, '1966', '6165', 4, '1966-01-06', '2013-11-20', 0.209999993, 1, NULL);
INSERT INTO book (id_book, barcode_book, title, author, dopauthor, dopauthor2, publish, text, totalpages, location, bbk, isbn, book_leng, status, year, inventar, category, dateinventar, datereg, price, doc_id, place_publish) VALUES (295, 300200100394, 'Бродячая собака. Век нынешний-век минувший', 300, 301, 0, 'Белое и черное', '-', '195', '19.5.6', '85', '-', 1, 1, '2002', '13619', 48, '2003-09-05', '2013-11-20', 152.380005, 1, NULL);
INSERT INTO book (id_book, barcode_book, title, author, dopauthor, dopauthor2, publish, text, totalpages, location, bbk, isbn, book_leng, status, year, inventar, category, dateinventar, datereg, price, doc_id, place_publish) VALUES (286, 300200100385, 'Пушкинский Петербург. Альбом', 292, 0, 0, 'Художник РСФСР', '-', '105', '20.7.6', '', '-', 1, 1, '1994', '8085', 0, '1994-08-08', '2013-11-19', 15.75, 1, NULL);
INSERT INTO book (id_book, barcode_book, title, author, dopauthor, dopauthor2, publish, text, totalpages, location, bbk, isbn, book_leng, status, year, inventar, category, dateinventar, datereg, price, doc_id, place_publish) VALUES (296, 300200100395, 'Поль Сезанн', 302, 0, 0, 'Искусство', '-', '416', '19.2.3', '85.143', '-', 1, 1, '1989', '11229', 2, '1989-02-11', '2013-11-22', 4.19999981, 1, NULL);
INSERT INTO book (id_book, barcode_book, title, author, dopauthor, dopauthor2, publish, text, totalpages, location, bbk, isbn, book_leng, status, year, inventar, category, dateinventar, datereg, price, doc_id, place_publish) VALUES (297, 300200100396, 'Прогулки по Литейной части', 303, 0, 0, 'Остров', '-', '192', '19.5.', '', '-', 1, 1, '2004', '13829', 48, '2004-12-01', '2013-11-22', 129, 1, NULL);
INSERT INTO book (id_book, barcode_book, title, author, dopauthor, dopauthor2, publish, text, totalpages, location, bbk, isbn, book_leng, status, year, inventar, category, dateinventar, datereg, price, doc_id, place_publish) VALUES (299, 300200100398, 'Карельский перешеек. Земля неизведанная. Часть 4', 305, 0, 0, 'Нордмед-издат', '-', '266', '19.5.3', '63.3', '-', 1, 1, '2000', '13004', 43, '2000-04-13', '2013-11-26', 75, 1, NULL);
INSERT INTO book (id_book, barcode_book, title, author, dopauthor, dopauthor2, publish, text, totalpages, location, bbk, isbn, book_leng, status, year, inventar, category, dateinventar, datereg, price, doc_id, place_publish) VALUES (300, 300200100399, 'Коломенские чтения 2003-2006: Альманах №1', 306, 0, 0, 'Филологический факаультет СПбГУ', '-', '268', '19.5.3', '83.3', '-', 1, 1, '2007', '14527', 4, '2008-04-01', '2013-11-26', 340, 1, NULL);
INSERT INTO book (id_book, barcode_book, title, author, dopauthor, dopauthor2, publish, text, totalpages, location, bbk, isbn, book_leng, status, year, inventar, category, dateinventar, datereg, price, doc_id, place_publish) VALUES (232, 300200100331, 'Я иду по Миллионной. Выпуск 2', 243, 0, 0, 'Всемирный клуб петербуржцев', '-', '101', '19.5.4', '63.3', '-', 1, 1, '2002', '13377', 48, '2003-07-20', '2013-11-07', 41, 1, NULL);
INSERT INTO book (id_book, barcode_book, title, author, dopauthor, dopauthor2, publish, text, totalpages, location, bbk, isbn, book_leng, status, year, inventar, category, dateinventar, datereg, price, doc_id, place_publish) VALUES (302, 300200100401, 'Третья Санкт-Петербургская мужская гимназия и ее выпускники. 1823-1918', 308, 0, 0, 'Вирд', '-', '646', '19.5.3', '', '-', 1, 1, '2011', '15154', 47, '2011-09-16', '2013-11-27', 600, 1, NULL);
INSERT INTO book (id_book, barcode_book, title, author, dopauthor, dopauthor2, publish, text, totalpages, location, bbk, isbn, book_leng, status, year, inventar, category, dateinventar, datereg, price, doc_id, place_publish) VALUES (303, 300200100402, 'Бессмертные имена Северной Пальмиры. Поэты и писатели. Художники и скульпторы. \композиторы и архи текторы', 231, 0, 0, 'Центрполиграф', '-', '286', '19.5.3', '63.3', '-', 1, 1, '2011', '15138', 39, '2011-09-16', '2013-11-27', 345, 1, NULL);
INSERT INTO book (id_book, barcode_book, title, author, dopauthor, dopauthor2, publish, text, totalpages, location, bbk, isbn, book_leng, status, year, inventar, category, dateinventar, datereg, price, doc_id, place_publish) VALUES (304, 300200100403, 'Василеостровский район', 249, 250, 0, '"Белое и черное"', '-', '500', '19.5.3', '85.12', '-', 1, 1, '1999', '12769', 4, '1999-07-12', '2013-11-27', 91, 1, NULL);
INSERT INTO book (id_book, barcode_book, title, author, dopauthor, dopauthor2, publish, text, totalpages, location, bbk, isbn, book_leng, status, year, inventar, category, dateinventar, datereg, price, doc_id, place_publish) VALUES (305, 300200100404, 'Петербург день за днем. Городской месяцеслов', 309, 0, 0, '"Петербург-ХХ1 век"', '-', '320', '19.5.3', '63.3', '-', 1, 1, '1998', '12700', 39, '1998-07-12', '2013-11-27', 0, 1, NULL);
INSERT INTO book (id_book, barcode_book, title, author, dopauthor, dopauthor2, publish, text, totalpages, location, bbk, isbn, book_leng, status, year, inventar, category, dateinventar, datereg, price, doc_id, place_publish) VALUES (306, 300200100405, 'Научное описание фотографических материалов. Методические рекомендации. Политехн. музей п ', 310, 0, 0, 'Политехнический музей', '-', '80', '19.5.3', 'Ч 711.42', '-', 1, 1, '2004', '14809', 51, '2010-01-27', '2013-11-27', 340, 1, NULL);
INSERT INTO book (id_book, barcode_book, title, author, dopauthor, dopauthor2, publish, text, totalpages, location, bbk, isbn, book_leng, status, year, inventar, category, dateinventar, datereg, price, doc_id, place_publish) VALUES (308, 300200100407, 'История Петербурга в старых объявлениях', 312, 0, 0, 'Центрполиграф', '-', '543', '19.5.3', '63.3', '-', 1, 1, '2008', '14687', 4, '2009-04-07', '2013-11-27', 230, 1, NULL);
INSERT INTO book (id_book, barcode_book, title, author, dopauthor, dopauthor2, publish, text, totalpages, location, bbk, isbn, book_leng, status, year, inventar, category, dateinventar, datereg, price, doc_id, place_publish) VALUES (309, 300200100408, 'Петербург. Запахи и звуки', 313, 0, 0, 'Европейский дом', '-', '282', '19.5.3', '63.3', '-', 1, 1, '2007', '14656', 4, '2009-04-07', '2013-11-27', 260, 1, NULL);
INSERT INTO book (id_book, barcode_book, title, author, dopauthor, dopauthor2, publish, text, totalpages, location, bbk, isbn, book_leng, status, year, inventar, category, dateinventar, datereg, price, doc_id, place_publish) VALUES (310, 300200100409, 'Ленинград послевоенный. 1945-1982 годы', 314, 0, 0, 'Остров', '', '436', '19.5.3', '63.3', '-', 1, 1, '2005', '14112', 4, '2005-11-02', '2013-11-27', 215, 1, NULL);
INSERT INTO book (id_book, barcode_book, title, author, dopauthor, dopauthor2, publish, text, totalpages, location, bbk, isbn, book_leng, status, year, inventar, category, dateinventar, datereg, price, doc_id, place_publish) VALUES (311, 300200100410, 'Петром основанный прекраснейший сей град...', 147, 0, 0, 'Тригон', '-', '590', '19.5.3', '63.3', '-', 1, 1, '2003', '13792', 4, '2004-07-29', '2013-11-27', 225, 1, NULL);
INSERT INTO book (id_book, barcode_book, title, author, dopauthor, dopauthor2, publish, text, totalpages, location, bbk, isbn, book_leng, status, year, inventar, category, dateinventar, datereg, price, doc_id, place_publish) VALUES (312, 300200100411, 'Петербургские египтологические чтения 2011-2012', 315, 0, 0, 'Государственный Эрмитаж', '-', '200', '19.11.3', '63.3', '-', 1, 1, '2013', '15373', 57, '2013-11-27', '2013-11-27', 155.679993, 76, NULL);
INSERT INTO book (id_book, barcode_book, title, author, dopauthor, dopauthor2, publish, text, totalpages, location, bbk, isbn, book_leng, status, year, inventar, category, dateinventar, datereg, price, doc_id, place_publish) VALUES (313, 300200100412, 'Виртуальная археология (неразрушающие методы исследований, моделирование, реконструкции) материалы Первой Международной конференции', 316, 0, 0, 'Государственный Эрмитаж', '-', '340', '19.11.3', '63.4', '-', 1, 1, '2013', '15365', 57, '2013-11-27', '2013-11-27', 258.790009, 76, NULL);
INSERT INTO book (id_book, barcode_book, title, author, dopauthor, dopauthor2, publish, text, totalpages, location, bbk, isbn, book_leng, status, year, inventar, category, dateinventar, datereg, price, doc_id, place_publish) VALUES (314, 300200100413, 'Труды ГЭ. Александр Великий. Жизнь образа в мировой культуре', 317, 0, 0, 'Госуд. Эрмитаж', '-', '132', '19.11.3', '63.3', '-', 1, 1, '2012', '15371', 57, '2013-11-27', '2013-11-27', 100.190002, 76, NULL);
INSERT INTO book (id_book, barcode_book, title, author, dopauthor, dopauthor2, publish, text, totalpages, location, bbk, isbn, book_leng, status, year, inventar, category, dateinventar, datereg, price, doc_id, place_publish) VALUES (315, 300200100414, 'П.Д.Боборыкин - воспоминания том второй', 318, 0, 0, 'Художественная литература', '-', '667', '21.-', '-', '-', 1, 2, '1965', '5656', 52, '2001-01-01', '2013-11-27', 1.14999998, 1, NULL);
INSERT INTO book (id_book, barcode_book, title, author, dopauthor, dopauthor2, publish, text, totalpages, location, bbk, isbn, book_leng, status, year, inventar, category, dateinventar, datereg, price, doc_id, place_publish) VALUES (316, 300200100415, 'Музей и проблемы "Культурного туризма". Материалы одиннадцатого Круглого стола 11-12 апреля 2013', 319, 0, 0, 'Государственный Эрмитаж', '-', '244', '19.11.3', ' (4)77.04', '-', 1, 1, '2013', '15364', 57, '2013-11-18', '2013-11-28', 133.619995, 76, NULL);
INSERT INTO book (id_book, barcode_book, title, author, dopauthor, dopauthor2, publish, text, totalpages, location, bbk, isbn, book_leng, status, year, inventar, category, dateinventar, datereg, price, doc_id, place_publish) VALUES (317, 300200100416, 'Первые каменные храмы Древней Руси. Материалы архитектурно-археологического семинара 22-24 ноября 2010', 320, 0, 0, 'Государственный Эрмитаж', '-', '367', '19.11.3', '85.113.3', '-', 1, 1, '2012', '15372', 57, '2013-11-18', '2013-11-28', 124.349998, 76, NULL);
INSERT INTO book (id_book, barcode_book, title, author, dopauthor, dopauthor2, publish, text, totalpages, location, bbk, isbn, book_leng, status, year, inventar, category, dateinventar, datereg, price, doc_id, place_publish) VALUES (348, 300200100447, 'Кукрыниксы', 345, 0, 0, 'Академия художеств', '-', '502', '19.7', '', '-', 1, 1, '1962', '4621', 2, '1962-06-04', '2013-12-04', 6, 1, NULL);
INSERT INTO book (id_book, barcode_book, title, author, dopauthor, dopauthor2, publish, text, totalpages, location, bbk, isbn, book_leng, status, year, inventar, category, dateinventar, datereg, price, doc_id, place_publish) VALUES (318, 300200100417, 'Согдийцы,  их предшественники, современники и наследники', 322, 0, 0, 'Государственный Эрмитаж', '-', '504', '19.11.3', '63.4', '-', 1, 1, '2013', '15370', 57, '2013-11-18', '2013-11-28', 279.850006, 76, NULL);
INSERT INTO book (id_book, barcode_book, title, author, dopauthor, dopauthor2, publish, text, totalpages, location, bbk, isbn, book_leng, status, year, inventar, category, dateinventar, datereg, price, doc_id, place_publish) VALUES (319, 300200100418, 'Отечественная война 1812 в картинах Петера Хесса', 323, 324, 0, 'Государственный Эрмитаж', '-', '120', '19.11.3', '85.147', '-', 1, 1, '2013', '15376', 57, '2013-11-18', '2013-11-28', 403.98999, 76, NULL);
INSERT INTO book (id_book, barcode_book, title, author, dopauthor, dopauthor2, publish, text, totalpages, location, bbk, isbn, book_leng, status, year, inventar, category, dateinventar, datereg, price, doc_id, place_publish) VALUES (320, 300200100419, 'Выставка книг из собрания Марка Башмакова. Каталог выставки в ГЭ', 325, 0, 0, 'Государственный Эрмитаж', '-', '320', '19.11.3', 'Ч 19', '-', 1, 1, '2013', '15380', 57, '2013-11-18', '2013-11-28', 415.549988, 76, NULL);
INSERT INTO book (id_book, barcode_book, title, author, dopauthor, dopauthor2, publish, text, totalpages, location, bbk, isbn, book_leng, status, year, inventar, category, dateinventar, datereg, price, doc_id, place_publish) VALUES (321, 300200100420, 'Белый город. Архитектура "Баухауса"  в Тель-Авиве ', 326, 0, 0, 'Государственный Эрмитаж', '-', '99', '19.11.3', '85', '-', 1, 1, '2013', '15390', 0, '2013-11-18', '2013-11-28', 215.789993, 76, NULL);
INSERT INTO book (id_book, barcode_book, title, author, dopauthor, dopauthor2, publish, text, totalpages, location, bbk, isbn, book_leng, status, year, inventar, category, dateinventar, datereg, price, doc_id, place_publish) VALUES (322, 300200100421, 'Ж. "Эрмитаж". Вып.№19', 327, 0, 0, 'Государственный Эрмитаж', '-', '201', '19.11.3', '', '-', 1, 1, '2013', '15366', 57, '2013-11-18', '2013-11-28', 800, 76, NULL);
INSERT INTO book (id_book, barcode_book, title, author, dopauthor, dopauthor2, publish, text, totalpages, location, bbk, isbn, book_leng, status, year, inventar, category, dateinventar, datereg, price, doc_id, place_publish) VALUES (323, 300200100422, 'Бронзовый век. Европа без границ. Каталог выставки в ГЭ', 327, 0, 0, 'Государственный Эрмитаж', '-', '648', '19.11.3', '63.4', '-', 1, 1, '2013', '15384', 57, '2013-11-18', '2013-11-28', 1482.29004, 76, NULL);
INSERT INTO book (id_book, barcode_book, title, author, dopauthor, dopauthor2, publish, text, totalpages, location, bbk, isbn, book_leng, status, year, inventar, category, dateinventar, datereg, price, doc_id, place_publish) VALUES (324, 300200100423, 'Отчет ГЭ- 2012', 327, 0, 0, 'ГЭ', '-', '216', '19.11.3', '', '-', 1, 1, '2013', '15367', 57, '2013-11-27', '2013-11-28', 450, 76, NULL);
INSERT INTO book (id_book, barcode_book, title, author, dopauthor, dopauthor2, publish, text, totalpages, location, bbk, isbn, book_leng, status, year, inventar, category, dateinventar, datereg, price, doc_id, place_publish) VALUES (325, 300200100424, 'Стена воды. Каталог выставки', 328, 0, 0, 'ГЭ', '-', '27', '19.11.3', '153', '-', 1, 1, '2013', '15388', 57, '2013-11-27', '2013-11-28', 57, 76, NULL);
INSERT INTO book (id_book, barcode_book, title, author, dopauthor, dopauthor2, publish, text, totalpages, location, bbk, isbn, book_leng, status, year, inventar, category, dateinventar, datereg, price, doc_id, place_publish) VALUES (326, 300200100425, 'Белый город. Архитектура "Баухауса" в Тель-Авиве. Буклет к выставке в ГЭ', 329, 0, 0, 'ГЭ', '-', '13', '19.11.3', '85.113', '1', 1, 1, '2013', '15389', 0, '2013-11-27', '2013-11-28', 18.5100002, 76, NULL);
INSERT INTO book (id_book, barcode_book, title, author, dopauthor, dopauthor2, publish, text, totalpages, location, bbk, isbn, book_leng, status, year, inventar, category, dateinventar, datereg, price, doc_id, place_publish) VALUES (327, 300200100426, 'Поль Сезанн. Игроки в карты', 330, 0, 0, 'ГЭ', '-', '40', '19.11.3', '85.143', '-', 1, 1, '2013', '15374', 57, '2013-11-27', '2013-11-28', 61.1599998, 76, NULL);
INSERT INTO book (id_book, barcode_book, title, author, dopauthor, dopauthor2, publish, text, totalpages, location, bbk, isbn, book_leng, status, year, inventar, category, dateinventar, datereg, price, doc_id, place_publish) VALUES (328, 300200100427, 'Флюксус:атласы российской истории', 331, 0, 0, 'ГЭ', '-', '28', '19.11.3', '85.103', '-', 1, 1, '2013', '15391', 57, '2013-11-27', '2013-11-28', 15.8100004, 76, NULL);
INSERT INTO book (id_book, barcode_book, title, author, dopauthor, dopauthor2, publish, text, totalpages, location, bbk, isbn, book_leng, status, year, inventar, category, dateinventar, datereg, price, doc_id, place_publish) VALUES (329, 300200100428, 'Русское золото. Сборник избранных статей', 332, 0, 0, 'ГЭ', '-', '392', '19.11.3', '63.2', '-', 1, 1, '2013', '15377', 57, '2013-11-27', '2013-11-29', 737.390015, 76, NULL);
INSERT INTO book (id_book, barcode_book, title, author, dopauthor, dopauthor2, publish, text, totalpages, location, bbk, isbn, book_leng, status, year, inventar, category, dateinventar, datereg, price, doc_id, place_publish) VALUES (330, 300200100429, 'Александровская колонна. Научно-популярное издание', 333, 0, 0, 'ГЭ', '-', '104', '19.11.3', '85.13', '-', 1, 1, '2013', '15375', 57, '2013-11-27', '2013-11-29', 47.2599983, 76, NULL);
INSERT INTO book (id_book, barcode_book, title, author, dopauthor, dopauthor2, publish, text, totalpages, location, bbk, isbn, book_leng, status, year, inventar, category, dateinventar, datereg, price, doc_id, place_publish) VALUES (331, 300200100430, 'Певец во стане русских воинов. Научно-популярное издание', 334, 0, 0, 'ГЭ', '-', '22', '19.11.3', '85.101', '-', 1, 1, '2012', '15382', 57, '2013-11-27', '2013-11-29', 34.8199997, 76, NULL);
INSERT INTO book (id_book, barcode_book, title, author, dopauthor, dopauthor2, publish, text, totalpages, location, bbk, isbn, book_leng, status, year, inventar, category, dateinventar, datereg, price, doc_id, place_publish) VALUES (332, 300200100431, 'Гравюры Рембрандта из коллекции Д.А.Ровинского в собрании Эрмитажа', 335, 0, 0, 'ГЭ', '-', '760', '19.11.3', '85.103', '-', 1, 1, '2012', '15378', 57, '2013-11-27', '2013-11-29', 2199.56006, 76, NULL);
INSERT INTO book (id_book, barcode_book, title, author, dopauthor, dopauthor2, publish, text, totalpages, location, bbk, isbn, book_leng, status, year, inventar, category, dateinventar, datereg, price, doc_id, place_publish) VALUES (333, 300200100432, 'Птицы - вестницы богов. Прикладное ис-во Западной Европы ХУ1-Х1Х вв. Каталог выставки', 336, 0, 0, 'ГЭ', '-', '240', '19.11.3', ' 85.12', '-', 1, 1, '2013', '15379', 57, '2013-11-27', '2013-11-29', 436.459991, 76, NULL);
INSERT INTO book (id_book, barcode_book, title, author, dopauthor, dopauthor2, publish, text, totalpages, location, bbk, isbn, book_leng, status, year, inventar, category, dateinventar, datereg, price, doc_id, place_publish) VALUES (334, 300200100433, 'Утопия и реальность. Эль Лисицкий . Илья и Эмилия Кабаковы ', 327, 0, 0, 'ГЭ', '-', '255', '19.11.3', '85.101', '-', 1, 1, '2013', '15383', 57, '2013-11-27', '2013-12-03', 395.049988, 76, NULL);
INSERT INTO book (id_book, barcode_book, title, author, dopauthor, dopauthor2, publish, text, totalpages, location, bbk, isbn, book_leng, status, year, inventar, category, dateinventar, datereg, price, doc_id, place_publish) VALUES (335, 300200100434, 'Премудрость Астреи. Памятники масонства ХУШ- первой трети Х1Х в собрании Эрмитажа:каталог выставки', 337, 0, 0, 'ГЭ', '-', '480', '19.11.3', 'Т3(2)5', '-', 1, 1, '2013', '15385', 57, '2013-11-27', '2013-12-03', 844.25, 76, NULL);
INSERT INTO book (id_book, barcode_book, title, author, dopauthor, dopauthor2, publish, text, totalpages, location, bbk, isbn, book_leng, status, year, inventar, category, dateinventar, datereg, price, doc_id, place_publish) VALUES (337, 300200100436, 'От Гверчино до Караваджо. Сэр Денис Майон и итальянское искуство ХУП века ', 327, 0, 0, 'ГЭ', '-', '136', '19.11.3', '85.143', '-', 1, 1, '2013', '15387', 57, '2013-11-27', '2013-12-03', 322.579987, 76, NULL);
INSERT INTO book (id_book, barcode_book, title, author, dopauthor, dopauthor2, publish, text, totalpages, location, bbk, isbn, book_leng, status, year, inventar, category, dateinventar, datereg, price, doc_id, place_publish) VALUES (338, 300200100437, '"Грозадвенадцатого года..."Отечественная война 1812 года в материалах ГЭ:каталог выставки', 327, 0, 0, 'ГЭ', '-', '476', '19.11.3', '63.3', '-', 1, 1, '2013', '15381', 57, '2013-11-27', '2013-12-03', 1125.68005, 76, NULL);
INSERT INTO book (id_book, barcode_book, title, author, dopauthor, dopauthor2, publish, text, totalpages, location, bbk, isbn, book_leng, status, year, inventar, category, dateinventar, datereg, price, doc_id, place_publish) VALUES (336, 300200100435, 'Корпоративное единство. Голландский групповой портрет Золотого века из собрания Амстердамского музея', 327, 0, 0, 'ГЭ', '--', '100', '19.11.3', '85.143', '-', 1, 1, '2013', '15386', 57, '2013-11-27', '2013-12-03', 216, 76, NULL);
INSERT INTO book (id_book, barcode_book, title, author, dopauthor, dopauthor2, publish, text, totalpages, location, bbk, isbn, book_leng, status, year, inventar, category, dateinventar, datereg, price, doc_id, place_publish) VALUES (339, 300200100438, 'Сообщения Государственного Эрмитажа LXXI', 327, 0, 0, 'ГЭ', '-', '158', '19.11.3', '79.1', '-', 1, 1, '2013', '15369', 57, '2013-11-27', '2013-12-03', 400.320007, 76, NULL);
INSERT INTO book (id_book, barcode_book, title, author, dopauthor, dopauthor2, publish, text, totalpages, location, bbk, isbn, book_leng, status, year, inventar, category, dateinventar, datereg, price, doc_id, place_publish) VALUES (373, 300200100472, 'Петербург знакомый и незнакомый', 366, 0, 0, 'Скиф', '-', '90', '19.11.3', '85.11', '-', 1, 1, '2007', '14657', 4, '2009-04-07', '2013-12-10', 130, 1, NULL);
INSERT INTO book (id_book, barcode_book, title, author, dopauthor, dopauthor2, publish, text, totalpages, location, bbk, isbn, book_leng, status, year, inventar, category, dateinventar, datereg, price, doc_id, place_publish) VALUES (340, 300200100439, 'Сообщения Государственного Эрмитажа LXX (на англ. языке)', 327, 0, 0, 'ГЭ', '-', '234', '19.11.2', '', '-', 1, 1, '2013', '15388', 57, '2013-11-28', '2013-12-03', 546.599976, 76, NULL);
INSERT INTO book (id_book, barcode_book, title, author, dopauthor, dopauthor2, publish, text, totalpages, location, bbk, isbn, book_leng, status, year, inventar, category, dateinventar, datereg, price, doc_id, place_publish) VALUES (341, 300200100440, 'Вечера с Петром Великим', 338, 0, 0, '"Историческая иллюстрация" ', '-', '425', '19', '83.3', '-', 1, 1, '2000', '12984', 44, '2000-09-12', '2013-12-04', 120, 1, NULL);
INSERT INTO book (id_book, barcode_book, title, author, dopauthor, dopauthor2, publish, text, totalpages, location, bbk, isbn, book_leng, status, year, inventar, category, dateinventar, datereg, price, doc_id, place_publish) VALUES (342, 300200100441, 'Неизвестные байки старого Петербурга', 339, 0, 0, 'Крига', '-', '117', '19.11.3', '63.3', '-', 1, 1, '2003', '14162', 48, '2005-11-01', '2013-12-04', 65, 1, NULL);
INSERT INTO book (id_book, barcode_book, title, author, dopauthor, dopauthor2, publish, text, totalpages, location, bbk, isbn, book_leng, status, year, inventar, category, dateinventar, datereg, price, doc_id, place_publish) VALUES (343, 300200100442, 'Агриппина Яковлевна Ваганова. Библиографический указатель', 340, 0, 0, 'Академия русского балета', '-', '85', '20', '85.335', '-', 1, 1, '2009', '15137', 46, '2011-09-16', '2013-12-04', 185, 1, NULL);
INSERT INTO book (id_book, barcode_book, title, author, dopauthor, dopauthor2, publish, text, totalpages, location, bbk, isbn, book_leng, status, year, inventar, category, dateinventar, datereg, price, doc_id, place_publish) VALUES (344, 300200100443, 'В окопах Сталинграда', 341, 0, 0, 'Лениздат', '-', '509', '19', '', '-', 1, 1, '1991', '11514', 44, '1991-05-11', '2013-12-04', 6, 1, NULL);
INSERT INTO book (id_book, barcode_book, title, author, dopauthor, dopauthor2, publish, text, totalpages, location, bbk, isbn, book_leng, status, year, inventar, category, dateinventar, datereg, price, doc_id, place_publish) VALUES (345, 300200100444, 'Искусство скульптуры в ХХ веке:проблемы, тенденции, мастера. Очерки', 342, 0, 0, 'Галарт', '-', '487', '20.2', '85.13', '-', 1, 1, '2010', '14879', 40, '2010-08-14', '2013-12-04', 30, 1, NULL);
INSERT INTO book (id_book, barcode_book, title, author, dopauthor, dopauthor2, publish, text, totalpages, location, bbk, isbn, book_leng, status, year, inventar, category, dateinventar, datereg, price, doc_id, place_publish) VALUES (346, 300200100445, 'Чайковский. Путь к мастерству', 343, 0, 0, '', '-', '556', '19.1.3', '', '-', 1, 1, '1962', '4645', 46, '1962-06-04', '2013-12-04', 3.9000001, 1, NULL);
INSERT INTO book (id_book, barcode_book, title, author, dopauthor, dopauthor2, publish, text, totalpages, location, bbk, isbn, book_leng, status, year, inventar, category, dateinventar, datereg, price, doc_id, place_publish) VALUES (347, 300200100446, 'Воспоминания', 344, 0, 0, 'Аграф', '-', '427', '20.10.3', '84.4', '-', 1, 1, '1999', '12666', 46, '1999-01-12', '2013-12-04', 23, 1, NULL);
INSERT INTO book (id_book, barcode_book, title, author, dopauthor, dopauthor2, publish, text, totalpages, location, bbk, isbn, book_leng, status, year, inventar, category, dateinventar, datereg, price, doc_id, place_publish) VALUES (349, 300200100448, 'Краткая Российская энциклопедия: В 3 т. Т.1:А-К', 346, 0, 0, 'Большая Российская энциклопедия', '-', '1135', '18', '92', '-', 1, 1, '2003', '13600', 47, '2003-06-21', '2013-12-04', 579.669983, 1, NULL);
INSERT INTO book (id_book, barcode_book, title, author, dopauthor, dopauthor2, publish, text, totalpages, location, bbk, isbn, book_leng, status, year, inventar, category, dateinventar, datereg, price, doc_id, place_publish) VALUES (350, 300200100449, 'Зона. Записки надзирателя', 347, 0, 0, 'ПИК', '-', '349', '19', '', '', 1, 1, '1991', '11543', 44, '1991-05-11', '2013-12-04', 8, 1, NULL);
INSERT INTO book (id_book, barcode_book, title, author, dopauthor, dopauthor2, publish, text, totalpages, location, bbk, isbn, book_leng, status, year, inventar, category, dateinventar, datereg, price, doc_id, place_publish) VALUES (351, 300200100450, 'Повести', 348, 0, 0, 'Детская литература', '-', '445', '19', '', '-', 1, 1, '1987', '10514', 44, '1987-05-10', '2013-12-04', 1, 1, NULL);
INSERT INTO book (id_book, barcode_book, title, author, dopauthor, dopauthor2, publish, text, totalpages, location, bbk, isbn, book_leng, status, year, inventar, category, dateinventar, datereg, price, doc_id, place_publish) VALUES (352, 300200100451, 'Игрушки в собрании Государственного Эрмитажа', 350, 0, 0, '', '-', '200', '19.11.3', '85.126', '-', 1, 1, '2011', '15269', 57, '2013-03-01', '2013-12-05', 120.260002, 20, NULL);
INSERT INTO book (id_book, barcode_book, title, author, dopauthor, dopauthor2, publish, text, totalpages, location, bbk, isbn, book_leng, status, year, inventar, category, dateinventar, datereg, price, doc_id, place_publish) VALUES (354, 300200100453, 'Петербургский некрополь. Т. 3. (М-Р)', 352, 0, 0, 'Типография М.М.Стасюлевича', '-', '649', '20.5.3', '-', '-', 1, 1, '1912', '421', 4, '1940-12-02', '2013-12-05', 0, 1, NULL);
INSERT INTO book (id_book, barcode_book, title, author, dopauthor, dopauthor2, publish, text, totalpages, location, bbk, isbn, book_leng, status, year, inventar, category, dateinventar, datereg, price, doc_id, place_publish) VALUES (353, 300200100452, 'Русский провинциальный некрополь. Т.1', 351, 0, 0, 'Типо-литография Т-ва И.Н.Кушнерев и К.', '-', '1008', '20.5.3', '', '', 1, 1, '1914', '426', 4, '1940-12-01', '2013-12-05', 0, 1, NULL);
INSERT INTO book (id_book, barcode_book, title, author, dopauthor, dopauthor2, publish, text, totalpages, location, bbk, isbn, book_leng, status, year, inventar, category, dateinventar, datereg, price, doc_id, place_publish) VALUES (370, 300200100469, 'Скульптура и скульпторы Санкт-Петербурга. 1703-2007', 43, 278, 0, 'Логос', '-', '768', '20.1.2', '85.13', '-', 1, 1, '2007', '14501', 56, '2008-02-05', '2013-12-09', 2500, 1, NULL);
INSERT INTO book (id_book, barcode_book, title, author, dopauthor, dopauthor2, publish, text, totalpages, location, bbk, isbn, book_leng, status, year, inventar, category, dateinventar, datereg, price, doc_id, place_publish) VALUES (357, 300200100456, 'Брюхо Петербурга. Очерки столичной жизни', 354, 0, 0, 'ФЕРТ', '-', '224', '19.11.5', '', '', 1, 1, '1994', '11808', 4, '1994-08-11', '2013-12-05', 10, 1, NULL);
INSERT INTO book (id_book, barcode_book, title, author, dopauthor, dopauthor2, publish, text, totalpages, location, bbk, isbn, book_leng, status, year, inventar, category, dateinventar, datereg, price, doc_id, place_publish) VALUES (358, 300200100457, 'Петербург немецких архитекторов. От барокко до авангарда', 141, 355, 0, 'Чистый лист', '-', '414', '20.8.5', '85.11', '-', 1, 1, '2002', '13531', 39, '2003-03-03', '2013-12-05', 400, 1, NULL);
INSERT INTO book (id_book, barcode_book, title, author, dopauthor, dopauthor2, publish, text, totalpages, location, bbk, isbn, book_leng, status, year, inventar, category, dateinventar, datereg, price, doc_id, place_publish) VALUES (359, 300200100458, 'Немцы в России. Энциклопедия. Т.3 (П-Я)', 356, 0, 0, 'ЭРН', '-', '896', '21.3.4', '63.3(2)', '-', 1, 1, '2006', '14919', 47, '2010-09-14', '2013-12-05', 3000, 1, NULL);
INSERT INTO book (id_book, barcode_book, title, author, dopauthor, dopauthor2, publish, text, totalpages, location, bbk, isbn, book_leng, status, year, inventar, category, dateinventar, datereg, price, doc_id, place_publish) VALUES (360, 300200100459, 'Маскароны Петербурга', 357, 0, 0, 'Сударыня', '-', '242', '', '85.13', '-', 1, 1, '2000', '12871', 40, '2000-08-12', '2013-12-06', 43, 1, NULL);
INSERT INTO book (id_book, barcode_book, title, author, dopauthor, dopauthor2, publish, text, totalpages, location, bbk, isbn, book_leng, status, year, inventar, category, dateinventar, datereg, price, doc_id, place_publish) VALUES (361, 300200100460, 'Старейшие гостиницы Петербурга', 358, 0, 0, 'Искусство-СПб', '-', '336', '19.11.5', '85.11', '-', 1, 1, '2001', '13117', 48, '2001-11-06', '2013-12-06', 50, 1, NULL);
INSERT INTO book (id_book, barcode_book, title, author, dopauthor, dopauthor2, publish, text, totalpages, location, bbk, isbn, book_leng, status, year, inventar, category, dateinventar, datereg, price, doc_id, place_publish) VALUES (362, 300200100461, 'Душа Петергофа.Фонтаны и каскады', 272, 0, 0, 'Лениздат', '-', '303', '20.5.5', '85.11', '-', 1, 1, '1999', '12925', 43, '2000-11-13', '2013-12-06', 29, 1, NULL);
INSERT INTO book (id_book, barcode_book, title, author, dopauthor, dopauthor2, publish, text, totalpages, location, bbk, isbn, book_leng, status, year, inventar, category, dateinventar, datereg, price, doc_id, place_publish) VALUES (363, 300200100462, 'Санкт-Петербург. 1000 вопросов и ответов', 359, 0, 0, 'Норинт', '-', '432', '19.11.3', '63.3', '-', 1, 1, '1997', '12221', 4, '1998-03-04', '2013-12-06', 20, 1, NULL);
INSERT INTO book (id_book, barcode_book, title, author, dopauthor, dopauthor2, publish, text, totalpages, location, bbk, isbn, book_leng, status, year, inventar, category, dateinventar, datereg, price, doc_id, place_publish) VALUES (364, 300200100463, 'Загородные императорские резиденции. Будни. Праздники. Трагедии', 137, 0, 0, 'Паритет', '-', '384', '20.5.3', '84', '', 1, 1, '2007', '14596', 43, '2008-07-01', '2013-12-06', 380, 1, NULL);
INSERT INTO book (id_book, barcode_book, title, author, dopauthor, dopauthor2, publish, text, totalpages, location, bbk, isbn, book_leng, status, year, inventar, category, dateinventar, datereg, price, doc_id, place_publish) VALUES (365, 300200100464, 'Пригороды Санкт-Петербурга. Вопросы и ответы. Сборник', 360, 0, 0, 'Паритет', '-', '272', '20.5.3', '85', '-', 1, 1, '2001', '13091', 43, '2001-07-17', '2013-12-06', 79, 1, NULL);
INSERT INTO book (id_book, barcode_book, title, author, dopauthor, dopauthor2, publish, text, totalpages, location, bbk, isbn, book_leng, status, year, inventar, category, dateinventar, datereg, price, doc_id, place_publish) VALUES (366, 300200100465, 'Дворцы Невского проспекта', 230, 0, 0, 'Белое и черное', '-', '253', '19.11.4', '85.11', '-', 1, 1, '2002', '13274', 56, '2002-04-11', '2013-12-06', 150, 1, NULL);
INSERT INTO book (id_book, barcode_book, title, author, dopauthor, dopauthor2, publish, text, totalpages, location, bbk, isbn, book_leng, status, year, inventar, category, dateinventar, datereg, price, doc_id, place_publish) VALUES (367, 300200100466, 'Драгоценности в русской культуре ХУШ-ХХ веков. Словарь', 361, 0, 0, 'Искусство-СПб', '-', '464', '19.3.5', '85.12', '-', 1, 1, '2003', '13678', 50, '2003-12-02', '2013-12-06', 357, 1, NULL);
INSERT INTO book (id_book, barcode_book, title, author, dopauthor, dopauthor2, publish, text, totalpages, location, bbk, isbn, book_leng, status, year, inventar, category, dateinventar, datereg, price, doc_id, place_publish) VALUES (368, 300200100467, 'Лазарет имени Его Императорского Высочества Наследника Цесаревича и Великого Князя Алексея Николаевича ', 362, 0, 0, 'ГЭ', '-', '100', '19.11.4', '63.3', '-', 1, 1, '2012', '15296', 53, '2013-03-01', '2013-12-09', 118.639999, 1, NULL);
INSERT INTO book (id_book, barcode_book, title, author, dopauthor, dopauthor2, publish, text, totalpages, location, bbk, isbn, book_leng, status, year, inventar, category, dateinventar, datereg, price, doc_id, place_publish) VALUES (369, 300200100468, 'Рынки Петербурга. Конец Х1Х-начало ХХ века:Альбом', 363, 0, 0, 'Историческая иллюстрация', '-', '120', '19.11.5', '', '-', 1, 1, '2005', '14106', 45, '2005-11-02', '2013-12-09', 300, 1, NULL);
INSERT INTO book (id_book, barcode_book, title, author, dopauthor, dopauthor2, publish, text, totalpages, location, bbk, isbn, book_leng, status, year, inventar, category, dateinventar, datereg, price, doc_id, place_publish) VALUES (355, 300200100454, 'Петербургский некрополь. Т.1. (А-Г)', 352, 0, 0, 'Типография М.М.Стасюлевича', '-', '715', '20.5.3', '', '-', 1, 1, '1912', '418', 4, '1940-11-02', '2013-12-05', 10, 1, NULL);
INSERT INTO book (id_book, barcode_book, title, author, dopauthor, dopauthor2, publish, text, totalpages, location, bbk, isbn, book_leng, status, year, inventar, category, dateinventar, datereg, price, doc_id, place_publish) VALUES (371, 300200100470, 'Сады любви', 364, 0, 0, 'Искусство-ХХ1 век', '-', '320', '20.5.3', '42.37', '-', 1, 1, '2006', '14317', 50, '2006-08-23', '2013-12-09', 3300, 1, NULL);
INSERT INTO book (id_book, barcode_book, title, author, dopauthor, dopauthor2, publish, text, totalpages, location, bbk, isbn, book_leng, status, year, inventar, category, dateinventar, datereg, price, doc_id, place_publish) VALUES (372, 300200100471, 'Петербург губернский. Из истории местных государственных учреждений', 365, 0, 0, 'Центрполиграф', '-', '317', '19.11.5', '63.3', '-', 1, 1, '2010', '14810', 4, '2010-01-27', '2013-12-10', 220, 1, NULL);
INSERT INTO book (id_book, barcode_book, title, author, dopauthor, dopauthor2, publish, text, totalpages, location, bbk, isbn, book_leng, status, year, inventar, category, dateinventar, datereg, price, doc_id, place_publish) VALUES (374, 300200100473, 'Город отражается в воде.  Северная столица в открытках', 367, 0, 0, 'ООО "ЮПИ"', '-', '11', '19.11.2', '85.16', '-', 1, 2, '2008', '14695', 4, '2009-04-21', '2013-12-10', 1250, 1, NULL);
INSERT INTO book (id_book, barcode_book, title, author, dopauthor, dopauthor2, publish, text, totalpages, location, bbk, isbn, book_leng, status, year, inventar, category, dateinventar, datereg, price, doc_id, place_publish) VALUES (375, 300200100474, '"Суворовский музей.100 лет в истории России 1904-2004', 368, 0, 0, 'Союз-Дизайн', '-', '192', '19.11.4', '63.3', '-', 1, 1, '2007', '14688', 53, '2009-04-21', '2013-12-10', 190, 1, NULL);
INSERT INTO book (id_book, barcode_book, title, author, dopauthor, dopauthor2, publish, text, totalpages, location, bbk, isbn, book_leng, status, year, inventar, category, dateinventar, datereg, price, doc_id, place_publish) VALUES (376, 300200100475, 'Книга рекордов Санкт-Петербурга 1703-2005', 369, 0, 0, 'перативное прикрытие', '-', '304', '19.1.5', '92', '-', 1, 1, '2005', '14763', 50, '2009-10-01', '2013-12-11', 480, 1, NULL);
INSERT INTO book (id_book, barcode_book, title, author, dopauthor, dopauthor2, publish, text, totalpages, location, bbk, isbn, book_leng, status, year, inventar, category, dateinventar, datereg, price, doc_id, place_publish) VALUES (377, 300200100476, 'Неповторимый Петербург', 158, 0, 159, 'ООО "Русская коллекция СПб"', '-', '271', '19.11.3', '71', '', 1, 1, '2006', '14784', 4, '2009-07-01', '2013-12-11', 2500, 1, NULL);
INSERT INTO book (id_book, barcode_book, title, author, dopauthor, dopauthor2, publish, text, totalpages, location, bbk, isbn, book_leng, status, year, inventar, category, dateinventar, datereg, price, doc_id, place_publish) VALUES (378, 300200100477, 'Знаменитые россияне ХУШ-Х1Х веков: Биографии и портреты. По изданию', 370, 0, 0, 'Лениздат', '-', '958', '19.1.2', '63.3', '-', 1, 1, '1995', '11997', 50, '1995-09-11', '2013-12-11', 10, 1, NULL);
INSERT INTO book (id_book, barcode_book, title, author, dopauthor, dopauthor2, publish, text, totalpages, location, bbk, isbn, book_leng, status, year, inventar, category, dateinventar, datereg, price, doc_id, place_publish) VALUES (379, 300200100478, 'Краткая Российская энциклопедия:В 3-х т. Т. 3:Р-Я', 371, 0, 0, 'Большая Российская энциклопедия', '-', '1135', '18.1.2', '92', '-', 1, 1, '2003', '13602', 47, '2003-06-21', '2013-12-11', 580, 1, NULL);
INSERT INTO book (id_book, barcode_book, title, author, dopauthor, dopauthor2, publish, text, totalpages, location, bbk, isbn, book_leng, status, year, inventar, category, dateinventar, datereg, price, doc_id, place_publish) VALUES (102, 300200100201, 'Повседневная жизнь в Петербурге на рубеже XIX-XX веков', 118, 119, 0, 'Молодая гвардия', '-', '480', '19.5.4', '63.3 (2) 5 (2-2 Санкт-Петербург)', '5-235-02395-1', 1, 2, '2003', '13786', 48, '2001-01-01', '2013-10-21', 1, 1, NULL);
INSERT INTO book (id_book, barcode_book, title, author, dopauthor, dopauthor2, publish, text, totalpages, location, bbk, isbn, book_leng, status, year, inventar, category, dateinventar, datereg, price, doc_id, place_publish) VALUES (393, 300200100492, 'Улицы Санкт-Петербурга. Справочник', 384, 0, 0, '"Атос"', '-', '259', '19.11.5', '', '-', 1, 1, '1995', '11887', 4, '1995-08-11', '2013-12-17', 10, 1, NULL);
INSERT INTO book (id_book, barcode_book, title, author, dopauthor, dopauthor2, publish, text, totalpages, location, bbk, isbn, book_leng, status, year, inventar, category, dateinventar, datereg, price, doc_id, place_publish) VALUES (382, 300200100481, 'История сооружений бюстов в саду Трудящихся. Ист. справка    ', 373, 0, 0, 'ГМГС', '-', '47', '20.11.3', '', '-', 1, 2, '1983', '175\2', 53, '1983-03-12', '2013-12-11', 0, 1, NULL);
INSERT INTO book (id_book, barcode_book, title, author, dopauthor, dopauthor2, publish, text, totalpages, location, bbk, isbn, book_leng, status, year, inventar, category, dateinventar, datereg, price, doc_id, place_publish) VALUES (356, 300200100455, 'Петербургский некрополь. Т.2 (Д-Л)', 353, 0, 0, 'Типография М.М.Стасюлевича', '-', '726', '20.5.3', '', '-', 1, 1, '1912', '420', 4, '1940-09-04', '2013-12-05', 10, 1, NULL);
INSERT INTO book (id_book, barcode_book, title, author, dopauthor, dopauthor2, publish, text, totalpages, location, bbk, isbn, book_leng, status, year, inventar, category, dateinventar, datereg, price, doc_id, place_publish) VALUES (383, 300200100482, 'Крылья Петербурга', 374, 0, 0, 'Политехника', '-', '264', '19.11.4', '39.5', '-', 1, 1, '200', '12834', 50, '2000-08-12', '2013-12-13', 78, 1, NULL);
INSERT INTO book (id_book, barcode_book, title, author, dopauthor, dopauthor2, publish, text, totalpages, location, bbk, isbn, book_leng, status, year, inventar, category, dateinventar, datereg, price, doc_id, place_publish) VALUES (384, 300200100483, 'Блистательный Санкт-Петербург', 375, 0, 0, 'Книга', '-', '57', '20.11.4', '', '-', 1, 1, '1989', '11167', 0, '1989-01-11', '2013-12-13', 1, 1, NULL);
INSERT INTO book (id_book, barcode_book, title, author, dopauthor, dopauthor2, publish, text, totalpages, location, bbk, isbn, book_leng, status, year, inventar, category, dateinventar, datereg, price, doc_id, place_publish) VALUES (385, 300200100484, 'От конки до трамвая. Из истории петербургского транспорта', 376, 377, 0, 'Лики России', '-', '237', '19.11.4', '63.3', '-', 1, 1, '1993', '12105', 48, '1993-01-12', '2013-12-13', 10, 1, NULL);
INSERT INTO book (id_book, barcode_book, title, author, dopauthor, dopauthor2, publish, text, totalpages, location, bbk, isbn, book_leng, status, year, inventar, category, dateinventar, datereg, price, doc_id, place_publish) VALUES (386, 300200100485, 'Звездный Петербург. Начало ХХ века. Город и люди', 378, 0, 0, '"Дмитрий Буланин"', '-', '301', '19.11.5', '63.3(2)', '-', 1, 1, '2003', '13589', 4, '2003-06-21', '2013-12-13', 194, 1, NULL);
INSERT INTO book (id_book, barcode_book, title, author, dopauthor, dopauthor2, publish, text, totalpages, location, bbk, isbn, book_leng, status, year, inventar, category, dateinventar, datereg, price, doc_id, place_publish) VALUES (387, 300200100486, 'Царское Село Анны Ахматовой. Адреса. События. Люди', 379, 0, 0, 'Лик', '-', '240', '20.5.3', '83.3', '', 1, 1, '2001', '15125', 43, '2011-06-29', '2013-12-13', 456, 1, NULL);
INSERT INTO book (id_book, barcode_book, title, author, dopauthor, dopauthor2, publish, text, totalpages, location, bbk, isbn, book_leng, status, year, inventar, category, dateinventar, datereg, price, doc_id, place_publish) VALUES (388, 300200100487, 'Сто одна поэтесса Серебряного века. Антология', 380, 0, 0, 'ДЕАН', '-', '240', '21.7.4', '84Р1', '-', 1, 1, '2000', '12895', 44, '2000-08-12', '2013-12-13', 87, 1, NULL);
INSERT INTO book (id_book, barcode_book, title, author, dopauthor, dopauthor2, publish, text, totalpages, location, bbk, isbn, book_leng, status, year, inventar, category, dateinventar, datereg, price, doc_id, place_publish) VALUES (394, 300200100493, 'Почему так названы? О происхождении назваеия улиц, площадей, островов', 385, 386, 0, 'Лениздат', '-', '511', '19.11.5', '63.3', '-', 1, 1, '1985', '10170', 4, '1985-01-10', '2013-12-17', 1, 1, NULL);
INSERT INTO book (id_book, barcode_book, title, author, dopauthor, dopauthor2, publish, text, totalpages, location, bbk, isbn, book_leng, status, year, inventar, category, dateinventar, datereg, price, doc_id, place_publish) VALUES (381, 300200100480, 'Памятник М.И.Глинке. Ист. справка', 372, 0, 0, 'МГС', '-', '23', '20.13.4', '', '', 1, 2, '1948', '32\2', 58, '1948-12-09', '2013-12-11', 0, 1, NULL);
INSERT INTO book (id_book, barcode_book, title, author, dopauthor, dopauthor2, publish, text, totalpages, location, bbk, isbn, book_leng, status, year, inventar, category, dateinventar, datereg, price, doc_id, place_publish) VALUES (390, 300200100489, 'История  создания пам. "Пионерам-героям" и "Боевым и трудовым подвигам комсомола в Автово"', 382, 0, 0, 'ГМГС', '-', '43', '20.13.5', '', '-', 1, 2, '1987', '122', 58, '1987-02-01', '2013-12-16', 0, 1, NULL);
INSERT INTO book (id_book, barcode_book, title, author, dopauthor, dopauthor2, publish, text, totalpages, location, bbk, isbn, book_leng, status, year, inventar, category, dateinventar, datereg, price, doc_id, place_publish) VALUES (389, 300200100488, 'Пам. А.С.Пушкину и В.И.Ленину в Ленинграде, созданные ск. М.К. Аникушиным', 381, 0, 0, 'ГМГС', '-', '55', '20.13.5', '', '', 1, 2, '1978', '150/2', 58, '1978-12-01', '2013-12-16', 0, 1, NULL);
INSERT INTO book (id_book, barcode_book, title, author, dopauthor, dopauthor2, publish, text, totalpages, location, bbk, isbn, book_leng, status, year, inventar, category, dateinventar, datereg, price, doc_id, place_publish) VALUES (391, 300200100490, 'Дворцовая площадь. Неформальный путеводитель', 95, 0, 0, 'Центрполиграф', '-', '301', '19.11.5', '85.11', '', 1, 1, '2006', '14294', 39, '2006-08-23', '2013-12-17', 170, 1, NULL);
INSERT INTO book (id_book, barcode_book, title, author, dopauthor, dopauthor2, publish, text, totalpages, location, bbk, isbn, book_leng, status, year, inventar, category, dateinventar, datereg, price, doc_id, place_publish) VALUES (392, 300200100491, 'История\ культуры Санкт-Петербурга. С основания до наших дней', 383, 0, 0, 'Эксмо-пресс', '-', '704', '19.11.5', '71.0', '-', 1, 1, '2002', '13505', 48, '2003-02-21', '2013-12-17', 190, 1, NULL);
INSERT INTO book (id_book, barcode_book, title, author, dopauthor, dopauthor2, publish, text, totalpages, location, bbk, isbn, book_leng, status, year, inventar, category, dateinventar, datereg, price, doc_id, place_publish) VALUES (395, 300200100494, 'Почему так названы? О происхождении старинных названий в Ленинграде', 385, 386, 0, 'Лениздат', '-', '144', '19.11.5', '', '-', 1, 1, '1960', '3427', 4, '1960-04-03', '2013-12-17', 1.75, 1, NULL);
INSERT INTO book (id_book, barcode_book, title, author, dopauthor, dopauthor2, publish, text, totalpages, location, bbk, isbn, book_leng, status, year, inventar, category, dateinventar, datereg, price, doc_id, place_publish) VALUES (396, 300200100495, '7-я линия. Записки неискусствоведа', 387, 0, 0, 'Искусство России', '-', '139', '19.11.5', '85.143', '-', 1, 1, '2000', '13402', 48, '2002-10-18', '2013-12-17', 62, 1, NULL);
INSERT INTO book (id_book, barcode_book, title, author, dopauthor, dopauthor2, publish, text, totalpages, location, bbk, isbn, book_leng, status, year, inventar, category, dateinventar, datereg, price, doc_id, place_publish) VALUES (380, 300200100479, 'Петербургские сюжеты. О жизни людей известных и не очень', 293, 0, 0, 'Центрполиграф', '-', '428', '19.11.5', '63.3', '-', 1, 2, '2009', '14776', 48, '2009-07-01', '2013-12-11', 370, 1, NULL);
INSERT INTO book (id_book, barcode_book, title, author, dopauthor, dopauthor2, publish, text, totalpages, location, bbk, isbn, book_leng, status, year, inventar, category, dateinventar, datereg, price, doc_id, place_publish) VALUES (399, 300200100498, 'Топонимическая энциклопелия Санкт-Петербурга', 390, 0, 0, 'ЛИК', '-', '808', '19.11.4', '63.3', '-', 1, 1, '2002', '13415', 47, '2002-05-30', '2013-12-17', 600, 1, NULL);
INSERT INTO book (id_book, barcode_book, title, author, dopauthor, dopauthor2, publish, text, totalpages, location, bbk, isbn, book_leng, status, year, inventar, category, dateinventar, datereg, price, doc_id, place_publish) VALUES (400, 300200100499, 'По улицам, набережным, площадям и мостам Петербурга. Справочник', 391, 0, 0, 'культ-информ-пресс', '-', '222', '19.11.2', '83', '', 1, 1, '1995', '12298', 4, '1996-09-12', '2013-12-17', 650, 1, NULL);
INSERT INTO book (id_book, barcode_book, title, author, dopauthor, dopauthor2, publish, text, totalpages, location, bbk, isbn, book_leng, status, year, inventar, category, dateinventar, datereg, price, doc_id, place_publish) VALUES (401, 300200100500, 'По Балтийской железной дороге от Петербурга до Гатчины', 199, 0, 0, 'ОСТРОВ', '-', '149', '19.11.3', '26.89', '-', 1, 1, '2004', '14167', 43, '2005-11-01', '2013-12-17', 120, 1, NULL);
INSERT INTO book (id_book, barcode_book, title, author, dopauthor, dopauthor2, publish, text, totalpages, location, bbk, isbn, book_leng, status, year, inventar, category, dateinventar, datereg, price, doc_id, place_publish) VALUES (398, 300200100497, 'Блокада Ленинграда:Энциклопедия', 389, 0, 0, 'Гуманистика', '-', '672', '21.9.5', '92 г', '', 1, 1, '1999', '12818', 47, '1999-08-12', '2013-12-17', 280, 1, NULL);
INSERT INTO book (id_book, barcode_book, title, author, dopauthor, dopauthor2, publish, text, totalpages, location, bbk, isbn, book_leng, status, year, inventar, category, dateinventar, datereg, price, doc_id, place_publish) VALUES (402, 300200100501, 'Концепция использования здания б. Воскресенской ц. в музее-некрополе "Литераторские мостки" ', 392, 0, 0, 'ГМГС', '-', '8 ', '20.17.3', '', '-', 1, 1, '1995', '195', 58, '1995-09-19', '2013-12-17', 0, 1, NULL);
INSERT INTO book (id_book, barcode_book, title, author, dopauthor, dopauthor2, publish, text, totalpages, location, bbk, isbn, book_leng, status, year, inventar, category, dateinventar, datereg, price, doc_id, place_publish) VALUES (403, 300200100502, 'Петербургская дилогия', 393, 0, 0, 'Алетейя', '-', '318', '19.11.3', '84', '-', 1, 1, '2003', '14316', 4, '2003-08-23', '2013-12-17', 168, 1, NULL);
INSERT INTO book (id_book, barcode_book, title, author, dopauthor, dopauthor2, publish, text, totalpages, location, bbk, isbn, book_leng, status, year, inventar, category, dateinventar, datereg, price, doc_id, place_publish) VALUES (404, 300200100503, 'Имени Пушкина(Пушкинская ул.)', 394, 0, 0, '"РОССТРО-пресс"', '-', '25', '19.11.3', '', '-', 1, 1, '1999', '12791', 39, '1999-07-12', '2013-12-17', 15, 1, NULL);
INSERT INTO book (id_book, barcode_book, title, author, dopauthor, dopauthor2, publish, text, totalpages, location, bbk, isbn, book_leng, status, year, inventar, category, dateinventar, datereg, price, doc_id, place_publish) VALUES (397, 300200100496, 'Блокада Ленинграда. 900 героических дней 1941-1944. Исторический дневник. Комментарии', 388, 0, 0, 'ОЛМА-ПРЕСС', '-', '576', '19.11.5', '63.3', '-', 1, 1, '2004', '13767', 4, '2004-04-05', '2013-12-17', 270, 1, NULL);
INSERT INTO book (id_book, barcode_book, title, author, dopauthor, dopauthor2, publish, text, totalpages, location, bbk, isbn, book_leng, status, year, inventar, category, dateinventar, datereg, price, doc_id, place_publish) VALUES (405, 300200100504, 'Профессора Военно-медицинской  (Медико-хирургической ) академии (1798-1998)', 395, 0, 0, '"Наука"', '-', '313', '20.11.3', '58 г2', '-', 1, 1, '1998', '12539', 47, '1998-05-12', '2013-12-18', 108, 1, NULL);
INSERT INTO book (id_book, barcode_book, title, author, dopauthor, dopauthor2, publish, text, totalpages, location, bbk, isbn, book_leng, status, year, inventar, category, dateinventar, datereg, price, doc_id, place_publish) VALUES (406, 300200100505, 'Усадьбы устья реки Мойки. Научно-популярное издание', 96, 0, 0, 'Алаборг', '-', '204', '19.11.3', '63.3', '-', 1, 1, '2011', '15135', 39, '2011-06-29', '2013-12-20', 570, 1, NULL);
INSERT INTO book (id_book, barcode_book, title, author, dopauthor, dopauthor2, publish, text, totalpages, location, bbk, isbn, book_leng, status, year, inventar, category, dateinventar, datereg, price, doc_id, place_publish) VALUES (407, 300200100506, 'У трех Суздальских озер', 397, 0, 0, 'Центрполиграф', '-', '474', '19.11.3', '', '-', 1, 1, '2011', '15155', 43, '2011-09-16', '2013-12-20', 530, 1, NULL);
INSERT INTO book (id_book, barcode_book, title, author, dopauthor, dopauthor2, publish, text, totalpages, location, bbk, isbn, book_leng, status, year, inventar, category, dateinventar, datereg, price, doc_id, place_publish) VALUES (408, 300200100507, 'Атрибуция неизвестных гербов в фонде некрополей Государственного музея городской скульптуры. Научная справка', 121, 0, 0, 'ГМГС', '-', '68', '20.17.5', '', '-', 1, 1, '1981', '167/2', 58, '1981-11-12', '2013-12-20', 0, 1, NULL);
INSERT INTO book (id_book, barcode_book, title, author, dopauthor, dopauthor2, publish, text, totalpages, location, bbk, isbn, book_leng, status, year, inventar, category, dateinventar, datereg, price, doc_id, place_publish) VALUES (409, 300200100508, 'Верстовые столбы ХУШ века. Научный паспорт', 398, 0, 0, 'ГМГС', '', '101', '20.17.03', '', '1-18', 1, 1, '1941', '8\2', 58, '1941-02-01', '2013-12-20', 0, 1, NULL);
INSERT INTO book (id_book, barcode_book, title, author, dopauthor, dopauthor2, publish, text, totalpages, location, bbk, isbn, book_leng, status, year, inventar, category, dateinventar, datereg, price, doc_id, place_publish) VALUES (410, 300200100509, 'Паспорт памятника Петра 1 Э.М.Фальконе', 399, 0, 0, 'ГМГС', '-', '158', '20.17.3', '', '28', 1, 1, '1940-1941', '12', 58, '1941-01-01', '2013-12-20', 0, 1, NULL);
INSERT INTO book (id_book, barcode_book, title, author, dopauthor, dopauthor2, publish, text, totalpages, location, bbk, isbn, book_leng, status, year, inventar, category, dateinventar, datereg, price, doc_id, place_publish) VALUES (411, 300200100510, 'Владимирский округ Большая и Малая Московские улицы и улица Правды', 102, 396, 0, 'Рт-СПб', '', '350', '19.11.3', '63.3', '9785227028815', 1, 1, '2011', '15140', 56, '2001-01-01', '2013-12-20', 1, 1, NULL);
INSERT INTO book (id_book, barcode_book, title, author, dopauthor, dopauthor2, publish, text, totalpages, location, bbk, isbn, book_leng, status, year, inventar, category, dateinventar, datereg, price, doc_id, place_publish) VALUES (412, 300200100511, 'Шедевры Европейского ювелирного искусства XVI-XIX веков из собрания Эрмитажа', 400, 0, 0, 'ГЭ', '-', '263', '20.6.?', '85.12', '9785935723651', 1, 1, '2010', '15327', 57, '2001-01-01', '2013-12-20', 1, 1, NULL);
INSERT INTO book (id_book, barcode_book, title, author, dopauthor, dopauthor2, publish, text, totalpages, location, bbk, isbn, book_leng, status, year, inventar, category, dateinventar, datereg, price, doc_id, place_publish) VALUES (130, 300200100229, 'Нева и Ниеншанц', 148, 149, 0, 'Лига плюс', '--', '470', '19.5.5.', '63.3', '-', 1, 1, '2003', '13595', 4, '2003-06-21', '2013-10-29', 439, 1, NULL);
INSERT INTO book (id_book, barcode_book, title, author, dopauthor, dopauthor2, publish, text, totalpages, location, bbk, isbn, book_leng, status, year, inventar, category, dateinventar, datereg, price, doc_id, place_publish) VALUES (131, 300200100230, 'Кваренги мастер архитектуры русского класицизма', 150, 0, 0, 'Строительства и архитектуры', '-', '70', '20.5.4', '-', '-', 1, 1, '1955', '2139', 39, '1955-12-22', '2013-10-29', 4.8499999, 1, NULL);
INSERT INTO book (id_book, barcode_book, title, author, dopauthor, dopauthor2, publish, text, totalpages, location, bbk, isbn, book_leng, status, year, inventar, category, dateinventar, datereg, price, doc_id, place_publish) VALUES (152, 300200100251, 'Призраки Северной столицы. Легенды и мифы питерского зазеркалья', 122, 0, 0, 'Центрполиграф', '-', '267', '19.5.5', '63.3', '-', 1, 1, '2006', '14245', 48, '2006-06-07', '2013-10-31', 120, 1, NULL);
INSERT INTO book (id_book, barcode_book, title, author, dopauthor, dopauthor2, publish, text, totalpages, location, bbk, isbn, book_leng, status, year, inventar, category, dateinventar, datereg, price, doc_id, place_publish) VALUES (189, 300200100288, 'Александро-Невская лавры. Архитектурный ансамбль и памятники некрополей', 201, 202, 0, 'Художник РСФСР', '-', '303', '21.3.4', '-', '-', 1, 1, '1986', '10430', 39, '1986-12-31', '2013-11-05', 11.6000004, 1, NULL);
INSERT INTO book (id_book, barcode_book, title, author, dopauthor, dopauthor2, publish, text, totalpages, location, bbk, isbn, book_leng, status, year, inventar, category, dateinventar, datereg, price, doc_id, place_publish) VALUES (413, 300200100512, 'Из поэтических произведений А.С.Пушкина ', 1, 0, 0, 'Янтарный сказ', '-', '58', '20.10.3', '', '-', 1, 1, '1999', '12695', 44, '1999-06-12', '2013-12-20', 120, 1, NULL);
INSERT INTO book (id_book, barcode_book, title, author, dopauthor, dopauthor2, publish, text, totalpages, location, bbk, isbn, book_leng, status, year, inventar, category, dateinventar, datereg, price, doc_id, place_publish) VALUES (414, 300200100513, 'Дом Мурузи', 283, 401, 0, '"Папирус"', '-', '46', '19.5.3', '', '-', 1, 1, '1996', '13429', 39, '2002-10-30', '2013-12-20', 25, 1, NULL);
INSERT INTO book (id_book, barcode_book, title, author, dopauthor, dopauthor2, publish, text, totalpages, location, bbk, isbn, book_leng, status, year, inventar, category, dateinventar, datereg, price, doc_id, place_publish) VALUES (415, 300200100514, 'Озерный переулок. История домов и судьбы людей', 97, 402, 0, '"Леушинское подворье"', '-', '150', '19.5.3', '', '-', 1, 1, '2010', '15131', 39, '2011-06-29', '2013-12-20', 190, 1, NULL);
INSERT INTO book (id_book, barcode_book, title, author, dopauthor, dopauthor2, publish, text, totalpages, location, bbk, isbn, book_leng, status, year, inventar, category, dateinventar, datereg, price, doc_id, place_publish) VALUES (298, 300200100397, 'Нарвская застава', 397, 0, 0, 'МИМ-Дельта', '111', '145', '?', '84(2Рос-2Рус)6-4', '5-9524-1022-7', 1, 2, '2004', '15787', 52, '2001-01-01', '2013-11-25', 200, 1, NULL);
INSERT INTO book (id_book, barcode_book, title, author, dopauthor, dopauthor2, publish, text, totalpages, location, bbk, isbn, book_leng, status, year, inventar, category, dateinventar, datereg, price, doc_id, place_publish) VALUES (416, 300200100515, 'Архитектор Матвей Федорович Казаков. 1738-1813', 403, 0, 0, 'Всесоюзной Академии архитектуры', '-', '53', '20.9.4', '', '-', 1, 1, '1938', '928', 56, '1938-02-09', '2013-12-20', 10, 1, NULL);
INSERT INTO book (id_book, barcode_book, title, author, dopauthor, dopauthor2, publish, text, totalpages, location, bbk, isbn, book_leng, status, year, inventar, category, dateinventar, datereg, price, doc_id, place_publish) VALUES (301, 300200100400, 'Das Gold der steppe', 307, 0, 0, 'Германия', '-', '318', '19.9.3', '85.101', '-', 3, 2, '2011', '15072', 53, '2011-04-01', '2013-11-27', 445.48999, 1, NULL);
INSERT INTO book (id_book, barcode_book, title, author, dopauthor, dopauthor2, publish, text, totalpages, location, bbk, isbn, book_leng, status, year, inventar, category, dateinventar, datereg, price, doc_id, place_publish) VALUES (203, 300200100302, '"По законам вдохновения..." Из истории реставрации Юсуповского дворца', 219, 0, 0, '', '-', '63', '19.5.5', '85.11', '-', 1, 1, '1999', '13631', 48, '2003-09-05', '2013-11-05', 90.4800034, 1, NULL);

INSERT INTO category (id, parent_id, type, category_name) VALUES (1, 0, 1, 'Каталог литературы');
INSERT INTO category (id, parent_id, type, category_name) VALUES (2, 1, 1, 'Живопись');
INSERT INTO category (id, parent_id, type, category_name) VALUES (25, 0, 2, 'Каталог Фото');
INSERT INTO category (id, parent_id, type, category_name) VALUES (36, 25, 2, 'Некрополь');
INSERT INTO category (id, parent_id, type, category_name) VALUES (37, 25, 2, 'Город');
INSERT INTO category (id, parent_id, type, category_name) VALUES (38, 25, 2, 'Мем.доски');
INSERT INTO category (id, parent_id, type, category_name) VALUES (4, 1, 1, 'Петербург');
INSERT INTO category (id, parent_id, type, category_name) VALUES (39, 4, 1, 'Архитектура СПб');
INSERT INTO category (id, parent_id, type, category_name) VALUES (40, 4, 1, 'Скульптура СПб');
INSERT INTO category (id, parent_id, type, category_name) VALUES (41, 1, 1, 'Мемуары');
INSERT INTO category (id, parent_id, type, category_name) VALUES (42, 1, 1, 'История искусства');
INSERT INTO category (id, parent_id, type, category_name) VALUES (44, 1, 1, 'Художественная литература');
INSERT INTO category (id, parent_id, type, category_name) VALUES (45, 1, 1, 'Деловой мир России ');
INSERT INTO category (id, parent_id, type, category_name) VALUES (46, 1, 1, 'Музыкальное искусство');
INSERT INTO category (id, parent_id, type, category_name) VALUES (47, 1, 1, 'Справочники');
INSERT INTO category (id, parent_id, type, category_name) VALUES (48, 1, 1, 'Петербурговедение');
INSERT INTO category (id, parent_id, type, category_name) VALUES (49, 1, 1, 'Литературоведение');
INSERT INTO category (id, parent_id, type, category_name) VALUES (50, 1, 1, 'Научно-популярная');
INSERT INTO category (id, parent_id, type, category_name) VALUES (51, 1, 1, 'Города и музеи мира');
INSERT INTO category (id, parent_id, type, category_name) VALUES (43, 1, 1, 'Пригороды Петербурга');
INSERT INTO category (id, parent_id, type, category_name) VALUES (52, 1, 1, 'Сортировка');
INSERT INTO category (id, parent_id, type, category_name) VALUES (53, 48, 1, 'Музеи СПб');
INSERT INTO category (id, parent_id, type, category_name) VALUES (54, 48, 1, 'Храмы СПб');
INSERT INTO category (id, parent_id, type, category_name) VALUES (56, 48, 1, 'архитектоы');
INSERT INTO category (id, parent_id, type, category_name) VALUES (57, 1, 1, 'Эрмитаж');
INSERT INTO category (id, parent_id, type, category_name) VALUES (58, 1, 1, 'Исторические справки');
INSERT INTO category (id, parent_id, type, category_name) VALUES (55, 1, 1, 'Скульпторы');
INSERT INTO category (id, parent_id, type, category_name) VALUES (59, 0, 0, 'Исторические справки');

INSERT INTO department (id, departmentName) VALUES (1, 'Факультет гуманитарный');
INSERT INTO department (id, departmentName) VALUES (2, 'Факультет естественнонаучный');
INSERT INTO department (id, departmentName) VALUES (3, 'Факультет инженерно-физический');
INSERT INTO department (id, departmentName) VALUES (4, 'Факультет информационных технологий и программирования');
INSERT INTO department (id, departmentName) VALUES (5, 'Факультет компьютерных технологий и управления');
INSERT INTO department (id, departmentName) VALUES (6, 'Факультет магистерский корпоративный');
INSERT INTO department (id, departmentName) VALUES (7, 'Факультет оптико-информационных систем и технологий');
INSERT INTO department (id, departmentName) VALUES (8, 'Факультет повышения квалификации преподавателей');
INSERT INTO department (id, departmentName) VALUES (9, 'Факультет подготовки кадров высшей квалификации');
INSERT INTO department (id, departmentName) VALUES (10, 'Факультет среднего профессионального образования');
INSERT INTO department (id, departmentName) VALUES (11, 'Факультет инфокоммуникационных технологий');
INSERT INTO department (id, departmentName) VALUES (12, 'Факультет точной механики и технологий');
INSERT INTO department (id, departmentName) VALUES (13, 'Факультет фотоники и оптоинформатики');
INSERT INTO department (id, departmentName) VALUES (14, 'Академия методов и техники управления «ЛИМТУ»');
INSERT INTO department (id, departmentName) VALUES (15, 'Институт комплексного военного образования');
INSERT INTO department (id, departmentName) VALUES (16, 'Институт международного бизнеса и права');
INSERT INTO department (id, departmentName) VALUES (17, 'Факультет вечернего и заочного обучения');

INSERT INTO event (id, barcode_book, barcode_reader, date_start, date_finish, status) VALUES (7, 300200100103, 100200300101, '2013-10-09', '2013-10-09', 1);
INSERT INTO event (id, barcode_book, barcode_reader, date_start, date_finish, status) VALUES (9, 300200100104, 100200300101, '2013-10-09', '2013-10-09', 1);
INSERT INTO event (id, barcode_book, barcode_reader, date_start, date_finish, status) VALUES (8, 300200100103, 100200300101, '2013-10-09', '2013-10-09', 1);
INSERT INTO event (id, barcode_book, barcode_reader, date_start, date_finish, status) VALUES (10, 300200100113, 100200300101, '2013-10-09', '2013-10-09', 1);
INSERT INTO event (id, barcode_book, barcode_reader, date_start, date_finish, status) VALUES (11, 300200100103, 100200300102, '2013-10-09', '2013-10-09', 1);
INSERT INTO event (id, barcode_book, barcode_reader, date_start, date_finish, status) VALUES (13, 300200100113, 100200300101, '2013-10-09', '2013-10-09', 1);
INSERT INTO event (id, barcode_book, barcode_reader, date_start, date_finish, status) VALUES (12, 300200100103, 100200300102, '2013-10-09', '2013-10-10', 1);
INSERT INTO event (id, barcode_book, barcode_reader, date_start, date_finish, status) VALUES (14, 300200100103, 100200300102, '2013-10-10', '2013-10-10', 1);
INSERT INTO event (id, barcode_book, barcode_reader, date_start, date_finish, status) VALUES (15, 300200100103, 100200300105, '2013-10-10', '2013-10-10', 1);
INSERT INTO event (id, barcode_book, barcode_reader, date_start, date_finish, status) VALUES (16, 300200100103, 100200300102, '2013-10-10', '2013-10-10', 1);
INSERT INTO event (id, barcode_book, barcode_reader, date_start, date_finish, status) VALUES (17, 300200100118, 100200300107, '2013-10-10', '2013-10-10', 1);
INSERT INTO event (id, barcode_book, barcode_reader, date_start, date_finish, status) VALUES (19, 300200100103, 100200300105, '2013-10-10', '2013-10-10', 1);
INSERT INTO event (id, barcode_book, barcode_reader, date_start, date_finish, status) VALUES (20, 300200100120, 100200300108, '2013-10-10', '2013-10-10', 1);
INSERT INTO event (id, barcode_book, barcode_reader, date_start, date_finish, status) VALUES (22, 300200100121, 100200300103, '2013-10-10', '2013-10-10', 1);
INSERT INTO event (id, barcode_book, barcode_reader, date_start, date_finish, status) VALUES (23, 300200100132, 100200300101, '2013-10-09', '2013-10-14', 1);
INSERT INTO event (id, barcode_book, barcode_reader, date_start, date_finish, status) VALUES (24, 300200100116, 100200300101, '2013-10-14', '2013-10-14', 1);
INSERT INTO event (id, barcode_book, barcode_reader, date_start, date_finish, status) VALUES (25, 300200100116, 100200300102, '2013-10-14', '2013-10-14', 1);
INSERT INTO event (id, barcode_book, barcode_reader, date_start, date_finish, status) VALUES (26, 300200100132, 100200300101, '2013-10-15', '2013-10-15', 1);
INSERT INTO event (id, barcode_book, barcode_reader, date_start, date_finish, status) VALUES (27, 300200100130, 100200300101, '2013-10-15', '2013-10-15', 1);
INSERT INTO event (id, barcode_book, barcode_reader, date_start, date_finish, status) VALUES (30, 300200100167, 100200300112, '2013-10-17', NULL, 2);
INSERT INTO event (id, barcode_book, barcode_reader, date_start, date_finish, status) VALUES (31, 300200100166, 100200300112, '2013-10-17', NULL, 2);
INSERT INTO event (id, barcode_book, barcode_reader, date_start, date_finish, status) VALUES (32, 300200100165, 100200300112, '2013-10-17', NULL, 2);
INSERT INTO event (id, barcode_book, barcode_reader, date_start, date_finish, status) VALUES (18, 300200100119, 100200300103, '2013-10-10', '2013-10-18', 1);
INSERT INTO event (id, barcode_book, barcode_reader, date_start, date_finish, status) VALUES (29, 300200100163, 100200300102, '2013-10-17', '2013-10-21', 1);
INSERT INTO event (id, barcode_book, barcode_reader, date_start, date_finish, status) VALUES (34, 300200100180, 100200300114, '2013-10-18', '2013-10-28', 1);
INSERT INTO event (id, barcode_book, barcode_reader, date_start, date_finish, status) VALUES (33, 300200100168, 100200300113, '2013-10-17', '2013-10-29', 1);
INSERT INTO event (id, barcode_book, barcode_reader, date_start, date_finish, status) VALUES (36, 300200100223, 100200300114, '2013-10-28', '2013-11-12', 1);
INSERT INTO event (id, barcode_book, barcode_reader, date_start, date_finish, status) VALUES (37, 300200100353, 100200300103, '2013-11-13', NULL, 2);
INSERT INTO event (id, barcode_book, barcode_reader, date_start, date_finish, status) VALUES (38, 300200100354, 100200300116, '2013-11-13', NULL, 2);
INSERT INTO event (id, barcode_book, barcode_reader, date_start, date_finish, status) VALUES (39, 300200100363, 100200300113, '2013-11-13', '2013-11-13', 1);
INSERT INTO event (id, barcode_book, barcode_reader, date_start, date_finish, status) VALUES (40, 300200100366, 100200300111, '2013-11-13', '2013-11-13', 1);
INSERT INTO event (id, barcode_book, barcode_reader, date_start, date_finish, status) VALUES (41, 300200100368, 100200300114, '2013-11-14', NULL, 2);
INSERT INTO event (id, barcode_book, barcode_reader, date_start, date_finish, status) VALUES (42, 300200100367, 100200300114, '2013-11-14', '2013-11-14', 1);
INSERT INTO event (id, barcode_book, barcode_reader, date_start, date_finish, status) VALUES (35, 300200100213, 100200300115, '2013-10-22', '2013-11-14', 1);
INSERT INTO event (id, barcode_book, barcode_reader, date_start, date_finish, status) VALUES (44, 300200100373, 100200300112, '2013-11-14', NULL, 2);
INSERT INTO event (id, barcode_book, barcode_reader, date_start, date_finish, status) VALUES (45, 300200100372, 100200300112, '2013-11-14', NULL, 2);
INSERT INTO event (id, barcode_book, barcode_reader, date_start, date_finish, status) VALUES (46, 300200100371, 100200300112, '2013-11-14', NULL, 2);
INSERT INTO event (id, barcode_book, barcode_reader, date_start, date_finish, status) VALUES (48, 300200100365, 100200300103, '2013-11-14', '2013-11-14', 1);
INSERT INTO event (id, barcode_book, barcode_reader, date_start, date_finish, status) VALUES (47, 300200100364, 100200300103, '2013-11-14', '2013-11-14', 1);
INSERT INTO event (id, barcode_book, barcode_reader, date_start, date_finish, status) VALUES (28, 300200100146, 100200300111, '2013-10-15', '2013-11-15', 1);
INSERT INTO event (id, barcode_book, barcode_reader, date_start, date_finish, status) VALUES (49, 300200100381, 100200300117, '2013-11-19', NULL, 2);
INSERT INTO event (id, barcode_book, barcode_reader, date_start, date_finish, status) VALUES (50, 300200100385, 100200300111, '2013-11-19', '2013-11-20', 1);
INSERT INTO event (id, barcode_book, barcode_reader, date_start, date_finish, status) VALUES (51, 300200100397, 100200300112, '2013-11-25', NULL, 2);
INSERT INTO event (id, barcode_book, barcode_reader, date_start, date_finish, status) VALUES (52, 300200100400, 100200300101, '2013-11-27', NULL, 2);
INSERT INTO event (id, barcode_book, barcode_reader, date_start, date_finish, status) VALUES (53, 300200100414, 100200300118, '2013-11-27', NULL, 2);
INSERT INTO event (id, barcode_book, barcode_reader, date_start, date_finish, status) VALUES (21, 300200100122, 100200300104, '2013-10-10', '2013-12-09', 1);
INSERT INTO event (id, barcode_book, barcode_reader, date_start, date_finish, status) VALUES (55, 300200100454, 100200300113, '2013-12-05', '2013-12-09', 1);
INSERT INTO event (id, barcode_book, barcode_reader, date_start, date_finish, status) VALUES (57, 300200100452, 100200300113, '2013-12-05', '2013-12-09', 1);
INSERT INTO event (id, barcode_book, barcode_reader, date_start, date_finish, status) VALUES (58, 300200100473, 100200300114, '2013-12-10', NULL, 2);
INSERT INTO event (id, barcode_book, barcode_reader, date_start, date_finish, status) VALUES (59, 300200100479, 100200300120, '2013-12-11', NULL, 2);
INSERT INTO event (id, barcode_book, barcode_reader, date_start, date_finish, status) VALUES (60, 300200100201, 100200300120, '2013-12-11', NULL, 2);
INSERT INTO event (id, barcode_book, barcode_reader, date_start, date_finish, status) VALUES (61, 300200100480, 100200300121, '2013-12-11', NULL, 2);
INSERT INTO event (id, barcode_book, barcode_reader, date_start, date_finish, status) VALUES (62, 300200100481, 100200300121, '2013-12-11', NULL, 2);
INSERT INTO event (id, barcode_book, barcode_reader, date_start, date_finish, status) VALUES (54, 300200100455, 100200300113, '2013-12-05', '2013-12-13', 1);
INSERT INTO event (id, barcode_book, barcode_reader, date_start, date_finish, status) VALUES (56, 300200100453, 100200300113, '2013-12-05', '2013-12-13', 1);
INSERT INTO event (id, barcode_book, barcode_reader, date_start, date_finish, status) VALUES (63, 300200100489, 100200300106, '2013-12-16', NULL, 2);
INSERT INTO event (id, barcode_book, barcode_reader, date_start, date_finish, status) VALUES (64, 300200100488, 100200300106, '2013-12-16', NULL, 2);
INSERT INTO event (id, barcode_book, barcode_reader, date_start, date_finish, status) VALUES (68, 300200100325, 100200300111, '2013-12-17', '2013-12-17', 1);
INSERT INTO event (id, barcode_book, barcode_reader, date_start, date_finish, status) VALUES (65, 300200100497, 100200300111, '2013-12-17', '2013-12-17', 1);
INSERT INTO event (id, barcode_book, barcode_reader, date_start, date_finish, status) VALUES (67, 300200100211, 100200300111, '2013-12-17', '2013-12-17', 1);
INSERT INTO event (id, barcode_book, barcode_reader, date_start, date_finish, status) VALUES (66, 300200100496, 100200300111, '2013-12-17', '2013-12-17', 1);

INSERT INTO language (id, language_name) VALUES (1, 'Русский');
INSERT INTO language (id, language_name) VALUES (2, 'Английский');
INSERT INTO language (id, language_name) VALUES (3, 'Немецкий');
INSERT INTO language (id, language_name) VALUES (4, 'Итальянский');
INSERT INTO language (id, language_name) VALUES (5, 'Китайский');
INSERT INTO language (id, language_name) VALUES (6, 'Китайский');
INSERT INTO language (id, language_name) VALUES (7, 'Чешский');
INSERT INTO language (id, language_name) VALUES (8, 'Французский');

INSERT INTO organization (id, organizationName) VALUES (1, 'СПб НИУ ИТМО');

INSERT INTO reader (id, barcode, surname, name, patronymic, datebirth, organization, department, position, address, telephone, login, password, url_pic) VALUES (69, 100200300104, 'Молоткова', 'Ирина', 'Владимировна', '1993-01-17', 1, 1, 'студент гр. 9910', '-', '-', 'user4', '4', '300104');
INSERT INTO reader (id, barcode, surname, name, patronymic, datebirth, organization, department, position, address, telephone, login, password, url_pic) VALUES (75, 100200300110, 'Долбня', 'Лариса', 'Владимировна', '1994-11-22', 1, 1, 'студент гр. 9910', '-', '-', 'user9', '9', '300110');
INSERT INTO reader (id, barcode, surname, name, patronymic, datebirth, organization, department, position, address, telephone, login, password, url_pic) VALUES (85, 100200300120, 'Забейворота', 'Александра', 'Сергеевна', '1990-05-30', 1, 14, 'студент гр. 8930', '-', '-', 'user18', '18', 'default');
INSERT INTO reader (id, barcode, surname, name, patronymic, datebirth, organization, department, position, address, telephone, login, password, url_pic) VALUES (86, 100200300121, 'Шлепкина', 'Анна', 'Сергеевна', '1990-05-20', 1, 14, 'студент гр. 9930', '-', '-', 'user19', '19', 'default');
INSERT INTO reader (id, barcode, surname, name, patronymic, datebirth, organization, department, position, address, telephone, login, password, url_pic) VALUES (66, 100200300101, 'Григорьев', 'Антон', 'Иванович', '1994-01-18', 1, 1, 'студент гр. 9910', '-', NULL, 'user1', '1', '300101');
INSERT INTO reader (id, barcode, surname, name, patronymic, datebirth, organization, department, position, address, telephone, login, password, url_pic) VALUES (67, 100200300102, 'Тимошкин', 'Владимир', 'Николаевич', '1992-12-09', 1, 17, 'студент гр. 9930', '-', '-', 'user2', '2', '300102');
INSERT INTO reader (id, barcode, surname, name, patronymic, datebirth, organization, department, position, address, telephone, login, password, url_pic) VALUES (68, 100200300103, 'Тапочкина', 'Надежда', 'Николаевна', '1995-10-19', 1, 17, 'студент гр. 9930', '-', '-', 'user3', '3', 'default');
INSERT INTO reader (id, barcode, surname, name, patronymic, datebirth, organization, department, position, address, telephone, login, password, url_pic) VALUES (70, 100200300105, 'Штельман', 'Ионна', 'Джинсовна', '1994-04-01', 1, 17, 'студент гр. 9930', '-', '-', 'user5', '5', '300105');
INSERT INTO reader (id, barcode, surname, name, patronymic, datebirth, organization, department, position, address, telephone, login, password, url_pic) VALUES (71, 100200300106, 'Рылова', 'Вера', 'Валентиновна', '1992-08-23', 1, 17, 'студент гр. 9930', '-', '-', 'user6', '6', '300106');
INSERT INTO reader (id, barcode, surname, name, patronymic, datebirth, organization, department, position, address, telephone, login, password, url_pic) VALUES (72, 100200300107, 'Соловьева', 'Наталья', 'Александровна', '1991-08-29', 1, 4, 'студент гр. 99999', '-', '-', 'user7', '7', '300107');
INSERT INTO reader (id, barcode, surname, name, patronymic, datebirth, organization, department, position, address, telephone, login, password, url_pic) VALUES (73, 100200300108, 'Горбыль', 'Станислав', 'Вячеславович', '1990-05-07', 1, 15, 'студент гр. 7930', '-', '-', 'user8', '8', 'default');
INSERT INTO reader (id, barcode, surname, name, patronymic, datebirth, organization, department, position, address, telephone, login, password, url_pic) VALUES (76, 100200300111, 'Лермонтова', 'Ирина', 'Михайловна', '1990-09-04', 1, 2, 'студент гр. 8510', '-', NULL, 'user10', '10', 'default');
INSERT INTO reader (id, barcode, surname, name, patronymic, datebirth, organization, department, position, address, telephone, login, password, url_pic) VALUES (77, 100200300112, 'Яблокова', 'Наталия', 'Сергеевна', '1991-03-22', 1, 5, 'студент гр. 100500', '-', '-', 'user11', '11', 'default');
INSERT INTO reader (id, barcode, surname, name, patronymic, datebirth, organization, department, position, address, telephone, login, password, url_pic) VALUES (78, 100200300113, 'Пригожев', 'Юрий', 'Антонович', '1995-05-27', 1, 2, 'студент гр. 8510', '-', '-', 'user12', '12', 'default');
INSERT INTO reader (id, barcode, surname, name, patronymic, datebirth, organization, department, position, address, telephone, login, password, url_pic) VALUES (79, 100200300114, 'Миронова', 'Екатерина', 'Вячеславовна', '1993-05-21', 1, 6, 'студент гр. 7510', NULL, NULL, 'user13', '13', 'default');
INSERT INTO reader (id, barcode, surname, name, patronymic, datebirth, organization, department, position, address, telephone, login, password, url_pic) VALUES (80, 100200300115, 'Кислов', 'Юрий', 'Валерьевич', '1994-11-09', 1, 15, 'студент гр. 7930', NULL, NULL, 'user14', '14', 'default');
INSERT INTO reader (id, barcode, surname, name, patronymic, datebirth, organization, department, position, address, telephone, login, password, url_pic) VALUES (81, 100200300116, 'Жарко', 'Елена', 'Александровна', '1995-02-04', 1, 6, 'студент гр. 7510', '-', '-', 'user15', '15', 'default');
INSERT INTO reader (id, barcode, surname, name, patronymic, datebirth, organization, department, position, address, telephone, login, password, url_pic) VALUES (82, 100200300117, 'Латюк', 'Александр', 'Николаевич', '1994-07-19', 1, 2, 'студент гр. 8510', '-', '-', 'user16', '16', 'default');
INSERT INTO reader (id, barcode, surname, name, patronymic, datebirth, organization, department, position, address, telephone, login, password, url_pic) VALUES (83, 100200300118, 'Лебедева', 'Анна', 'Владимировна', '1995-07-18', 1, 15, 'студент гр. 7930', '-', NULL, 'user17', '17', 'default');


